product_name	step_number	step_name	stage_name	eqp_id
A005-MA	10.001	A005-R1-AB1IQC-WFS	AB1-IQC	
A005-MA	10.002	A005-R1-AB1IQC-T7CODE	AB1-IQC	PSWST002
A005-MA	10.003	A005-R1-AB1IQC-INCOMING-MAP	AB1-IQC	
A005-MA	10.004	A005-R1-AB1IQC-INSP	AB1-IQC	PMAOM004
A005-MA	10.005	A005-R1-AB1IQC-INSP-REV	AB1-IQC	
A005-MA	20.001	A005-R1-FC-REFLOW	AB1-FC	PKCON001,PKCON002,PKCON003
A005-MA	20.002	A005-R1-FC-DEFLUX	AB1-FC	PKFCV001
A005-MA	20.003	A005-R1-FC-SOH-MEAS	AB1-FC	PMSOH001,PMSOH003
A005-MA	20.004	A005-R1-FC-GAP-MEAS	AB1-FC	PMSOH001,PMSOH003
A005-MA	20.005	A005-R1-FC-IR-INSP	AB1-FC	PMSOH003
A005-MA	20.006	A005-R1-FC-IR-INSP-REV	AB1-FC	
A005-MA	20.007	A005-R1-FC-INSP	AB1-FC	PMAOM004
A005-MA	20.008	A005-R1-FC-INSP-REV	AB1-FC	
A005-MA	30.001	A005-R1-UF-BAKE	AB1-UF	PLAOV002,PLAOV003
A005-MA	30.002	A005-R1-UF-AUTO-SPLIT	AB1-UF	PSWST003
A005-MA	30.003	A005-R1-UF-PLASMA	AB1-UF	PEDES101,PEDES102
A005-MA	30.004	A005-R1-UF-DISPENSE	AB1-UF	PKUFD001,PKUFD002
A005-MA	30.005	A005-R1-UF-CURE	AB1-UF	PKPOV001
A005-MA	30.006	A005-R1-UF-INSP	AB1-UF	PMAOM004
A005-MA	30.007	A005-R1-UF-INSP-REV	AB1-UF	
A005-MA	30.008	A005-R1-UF-CREEP-DISTANCE-MEAS	AB1-UF	PFTST001
A005-MA	40.001	A005-R1-DAF-DUMMY-DIE	AB1-DAF	PKDBD001
A005-MA	40.002	A005-R1-DAF-CURE	AB1-DAF	PKPOV002
A005-MA	40.003	A005-R1-DAF-INSP	AB1-DAF	PMAOM004
A005-MA	40.004	A005-R1-DAF-INSP-REV	AB1-DAF	
A005-MA	40.005	A005-R1-DAF-SAT	AB1-DAF	PKSAT002,PKSAT006
A005-MA	40.006	A005-R1-DAF-SAT-REV	AB1-DAF	
A005-MA	40.007	A005-R1-DAF-BAKE	AB1-DAF	PLAOV002,PLAOV003
A005-MA	40.008	A005-R1-DAF-CHIPPING-INSP	AB1-DAF	PMAOM004
A005-MA	40.009	A005-R1-DAF-CHIPPING-INSP-REV	AB1-DAF	
A005-MA	40.010	A005-R1-DAF-WARP-MEAS	AB1-DAF	PMPFM001
A005-MA	50.001	A005-R1-MD-PLASMA	AB1-MOD	PEDES101,PEDES102
A005-MA	50.002	A005-R1-MD-MOLDING	AB1-MOD	PKMOD001
A005-MA	50.003	A005-R1-MD-SHIFT-MEAS	AB1-MOD	PMQEM001
A005-MA	50.004	A005-R1-MD-INSP	AB1-MOD	PMAOM004
A005-MA	50.005	A005-R1-MD-INSP-REV	AB1-MOD	
A005-MA	50.006	A005-R1-MD-TTV-MEAS	AB1-MOD	PMPFM001
A005-MA	50.007	A005-R1-MD-SAT	AB1-MOD	PKSAT005
A005-MA	50.008	A005-R1-MD-SAT-REV	AB1-MOD	
A005-MA	50.009	A005-R1-MD-BAKE	AB1-MOD	PLAOV002,PLAOV003
A005-MA	50.010	A005-R1-MD-WARP-MEAS	AB1-MOD	PMPFM001
A005-MA	60.001	A005-R1-BG2-PRE-INSP	AB1-BG2	PMAOM004
A005-MA	60.002	A005-R1-BG2-PRE-INSP-REV	AB1-BG2	
A005-MA	60.003	A005-R1-BG2-SORT	AB1-BG2	PSWST003
A005-MA	60.004	A005-R1-BG2-GRINDING	AB1-BG2	PGGLI001
A005-MA	60.005	A005-R1-BG2-SORT-02	AB1-BG2	PSWST003
A005-MA	60.006	A005-R1-BG2-GRINDING-02	AB1-BG2	PGGLI003
A005-MA	60.007	A005-R1-BG2-INSP1	AB1-BG2	PMAOM004
A005-MA	60.008	A005-R1-BG2-INSP1-REV	AB1-BG2	
A005-MA	60.009	A005-R1-BG2-THK-MEAS	AB1-BG2	PMPFM001
A005-MA	60.010	A005-R1-BG2-WARP-MEAS	AB1-BG2	PMPFM001
A005-MA	60.011	A005-R1-BG2-TOPTHK-MEAS	AB1-BG2	PMSOH001,PMSOH002
A005-MA	60.012	A005-R1-BG2-GAP-MEAS	AB1-BG2	PMSOH001,PMSOH002
A005-MA	60.013	A005-R1-BG2-UNIT-MARKING	AB1-BG2	PBUMK001
A005-MA	60.014	A005-R1-BG2-DEPTH-SHIFT-MEAS	AB1-BG2	PMWLI001
A005-MA	60.015	A005-RA-BG2-2D-SCAN	AB1-BG2	PMHOI005,PMTOI005
A005-MA	60.016	A005-R1-BG2-DATA-REVIEW	AB1-BG2	
A005-MA	60.017	A005-R1-BG2-INSP2	AB1-BG2	PMAOM004
A005-MA	60.018	A005-R1-BG2-INSP2-REV	AB1-BG2	
A005-MA	70.001	A005-R1-TRIM2-TRIMMING	AB1-TRM2	PGTRM101,PGTRM102
A005-MA	70.002	A005-R1-TRIM2-CHIPPING-INSP	AB1-TRM2	PMAOM004
A005-MA	70.003	A005-R1-TRIM2-CHIPPING-INSP-REV	AB1-TRM2	
A005-MA	70.004	A005-R1-TRIM2-WIDTH-DEPTH-MEAS1	AB1-TRM2	PMPFM001
A005-MA	70.005	A005-R1-TRIM2-DIA-MEAS	AB1-TRM2	PMQEM001
A005-MA	70.006	A005-R1-TRIM2-NOTCH-CUTTING	AB1-TRM2	PKNCT001
A005-MA	70.007	A005-R1-TRIM2-WIDTH-DEPTH-MEAS2	AB1-TRM2	PMOMI003
A005-MA	70.008	A005-R1-TRIM2-INSP	AB1-TRM2	PMAOM004
A005-MA	70.009	A005-R1-TRIM2-INSP-REV	AB1-TRM2	
A005-MA	80.001	A005-R1-DB2-SORT	BVR-DB2	PSWST001
A005-MA	80.002	A005-R1-DB2-DEBOND	BVR-DB2	RBDEB001
A005-MA	80.003	A005-R1-DB2-DES	BVR-DB2	PEDES103
A005-MA	80.004	A005-R1-DB2-BUFFER-ETCH	BVR-DB2	PWETC001
A005-MA	80.005	A005-R1-DB2-INSP	BVR-DB2	PMAOM008
A005-MA	80.006	A005-R1-DB2-INSP-REV	BVR-DB2	
A005-MA	80.007	A005-R1-DB2-CLEAN	BVR-DB2	PBDEB001,PBDEB002
A005-MA	80.008	A005-R1-DB2-OMINSP	BVR-DB2	PMAOM001,PMAOM008
A005-MA	80.009	A005-R1-DB2-OMINSP-REV	BVR-DB2	
A005-MA	80.010	A005-R1-DB2-WPGMEAS	BVR-DB2	PMPFM001,PMPFM002
A005-MA	80.011	A005-R1-TRIM3-TRIMING	BVR-DB2	PKNCT001
A005-MA	80.012	A005-R1-TRIM3-WIDTH-DEPTH-MEAS	BVR-DB2	PMOMI003
A005-MA	80.013	A005-R1-TRIM3-CHIPPING-INSP	BVR-DB2	PMAOM004
A005-MA	80.014	A005-R1-TRIM3-CHIPPING-INSP-REV	BVR-DB2	
A005-MA	80.015	A005-R1-DB2-POSTET3-SCRB	BVR-DB2	PWSCR002
A005-MA	80.016	A005-R1-TRIM3-EDGE-2D-SCAN	BVR-DB2	PMLOI005
A005-MA	80.017	A005-R1-DB2-EDGE-DATA-REVIEW	BVR-DB2	
A005-MA	80.018	A005-R1-DB2-POST-AOI-SCRB	BVR-DB2	PWSCR002
A005-MA	80.019	A005-R1-DB2-AOI-SPLIT	BVR-DB2	
A005-MA	80.020	A005-R1-TRIM3-2D-SCAN	BVR-DB2	PMHOI005
A005-MA	80.021	A005-R1-DB2-DATA-REVIEW	BVR-DB2	
A005-MA	80.022	A005-R1-DB2-REPORT	BVR-DB2	
A005-MA	80.023	A005-R1-DB2-MERGE-MAP-CHECK	BVR-DB2	
A005-MA	80.024	A005-R1-DB2-MAP-DISPOSAL	BVR-DB2	
A005-MA	80.025	A005-R1-DB2-TRAN	BVR-DB2	PSWST003
A005-P1	10.001	A005-P1-FC-BANK	AB1-FC	
A005-P1	10.002	A005-P1-FC-DUMMY	AB1-FC	
A005-P1	10.003	A005-P1-FC-REFLOW	AB1-FC	PKCON001,PKCON002,PKCON003
A005-P1	10.004	A005-P1-FC-DEFLUX	AB1-FC	PKFCV001
A005-P1	10.005	A005-P1-FC-SOH-MEAS	AB1-FC	PMSOH001,PMSOH003
A005-P1	10.006	A005-P1-FC-GAP-MEAS	AB1-FC	PMSOH001,PMSOH003
A005-P1	10.007	A005-P1-FC-INSP	AB1-FC	PMAOM004
A005-P1	10.008	A005-P1-FC-INSP-REV	AB1-FC	
A005-P1	20.001	A005-P1-UF-BAKE	AB1-UF	PLAOV002,PLAOV003
A005-P1	20.002	A005-P1-UF-AUTO-SPLIT	AB1-UF	PSWST003
A005-P1	20.003	A005-P1-UF-PLASMA	AB1-UF	PEDES101,PEDES102
A005-P1	20.004	A005-P1-UF-DISPENSE	AB1-UF	PKUFD001,PKUFD002
A005-P1	20.005	A005-P1-UF-CURE	AB1-UF	PKPOV001
A005-P1	20.006	A005-P1-UF-INSP	AB1-UF	PMAOM004
A005-P1	20.007	A005-P1-UF-INSP-REV	AB1-UF	
A005-P1	20.008	A005-P1-UF-CREEP-DISTANCE-MEAS	AB1-UF	PFTST001
A005-P1	30.001	A005-P1-DAF-DUMMY-DIE	AB1-DAF	PKDBD001
A005-P1	30.002	A005-P1-DAF-CURE	AB1-DAF	PKPOV002
A005-P1	30.003	A005-P1-DAF-INSP	AB1-DAF	PMAOM004
A005-P1	30.004	A005-P1-DAF-INSP-REV	AB1-DAF	
A005-P1	30.005	A005-P1-DAF-SAT	AB1-DAF	PKSAT002,PKSAT006
A005-P1	30.006	A005-P1-DAF-SAT-REV	AB1-DAF	
A005-P1	30.007	A005-P1-DAF-BAKE	AB1-DAF	PLAOV002,PLAOV003
A005-P1	30.008	A005-P1-DAF-CHIPPING-INSP	AB1-DAF	PMAOM004
A005-P1	30.009	A005-P1-DAF-CHIPPING-INSP-REV	AB1-DAF	
A005-P1	30.010	A005-P1-DAF-WARP-MEAS	AB1-DAF	PMPFM001
A005-P1	40.001	A005-P1-MD-PLASMA	AB1-MOD	PEDES101,PEDES102
A005-P1	40.002	A005-P1-MD-MOLDING	AB1-MOD	PKMOD001
A005-P1	40.003	A005-P1-MD-SHIFT-MEAS	AB1-MOD	PMQEM001
A005-P1	40.004	A005-P1-MD-INSP	AB1-MOD	PMAOM004
A005-P1	40.005	A005-P1-MD-INSP-REV	AB1-MOD	
A005-P1	40.006	A005-P1-MD-TTV-MEAS	AB1-MOD	PMPFM001
A005-P1	40.007	A005-P1-MD-SAT	AB1-MOD	PKSAT005
A005-P1	40.008	A005-P1-MD-SAT-REV	AB1-MOD	
A005-P1	40.009	A005-P1-MD-BAKE	AB1-MOD	PLAOV002,PLAOV003
A005-P1	40.010	A005-P1-MD-WARP-MEAS	AB1-MOD	PMPFM001
A005-P1	50.001	A005-P1-BG2-PRE-INSP	AB1-BG2	PMAOM004
A005-P1	50.002	A005-P1-BG2-PRE-INSP-REV	AB1-BG2	
A005-P1	50.003	A005-P1-BG2-SORT	AB1-BG2	PSWST003
A005-P1	50.004	A005-P1-BG2-GRINDING	AB1-BG2	PGGLI001
A005-P1	50.005	A005-P1-BG2-SORT-02	AB1-BG2	PSWST003
A005-P1	50.006	A005-P1-BG2-GRINDING-02	AB1-BG2	PGGLI003
A005-P1	50.007	A005-P1-BG2-INSP1	AB1-BG2	PMAOM004
A005-P1	50.008	A005-P1-BG2-INSP1-REV	AB1-BG2	
A005-P1	50.009	A005-P1-BG2-THK-MEAS	AB1-BG2	PMPFM001
A005-P1	50.010	A005-P1-BG2-WARP-MEAS	AB1-BG2	PMPFM001
A005-P1	50.011	A005-P1-BG2-TOPTHK-MEAS	AB1-BG2	PMSOH001,PMSOH002,PMSOH003
A005-P1	50.012	A005-P1-BG2-GAP-MEAS	AB1-BG2	PMSOH001,PMSOH002,PMSOH003
A005-P1	50.013	A005-P1-BG2-UNIT-MARKING	AB1-BG2	PBUMK001
A005-P1	50.014	A005-P1-BG2-DEPTH-SHIFT-MEAS	AB1-BG2	PMWLI001
A005-P1	50.015	A005-P1-BG2-2D-SCAN	AB1-BG2	PMHOI005,PMTOI005
A005-P1	50.016	A005-P1-BG2-DATA-REVIEW1	AB1-BG2	
A005-P1	50.017	A005-P1-BG2-INSP2	AB1-BG2	PMAOM004
A005-P1	50.018	A005-P1-BG2-INSP2-REV	AB1-BG2	
A005-P1	60.001	A005-P1-TRIM2-TRIMMING	AB1-TRM2	PGTRM101,PGTRM102
A005-P1	60.002	A005-P1-TRIM2-CHIPPING-INSP	AB1-TRM2	PMAOM004
A005-P1	60.003	A005-P1-TRIM2-CHIPPING-INSP-REV	AB1-TRM2	
A005-P1	60.004	A005-P1-TRIM2-WIDTH-DEPTH-MEAS1	AB1-TRM2	PMPFM001
A005-P1	60.005	A005-P1-TRIM2-DIA-MEAS	AB1-TRM2	PMQEM001
A005-P1	60.006	A005-P1-TRIM2-NOTCH-CUTTING	AB1-TRM2	PKNCT001
A005-P1	60.007	A005-P1-TRIM2-WIDTH-DEPTH-MEAS2	AB1-TRM2	PMOMI003
A005-P1	60.008	A005-P1-TRIM2-INSP	AB1-TRM2	PMAOM004
A005-P1	60.009	A005-P1-TRIM2-INSP-REV	AB1-TRM2	
A005-P1	70.001	A005-P1-DB2-SORT	BVR-DB2	PSWST001
A005-P1	70.002	A005-P1-DB2-DEBONDING	BVR-DB2	RBDEB001
A005-P1	70.003	A005-P1-DB2-DES	BVR-DB2	PEDES103
A005-P1	70.004	A005-P1-DB2-BUFFER-ETCH	BVR-DB2	PWETC001
A005-P1	70.005	A005-P1-DB2-BUFFER-ETCH-INSP	BVR-DB2	PMAOM008
A005-P1	70.006	A005-P1-DB2-BUFFER-ETCH-INSP-REV	BVR-DB2	
A005-P1	70.007	A005-P1-DB2-CLEAN	BVR-DB2	PBDEB001,PBDEB002
A005-P1	70.008	A005-P1-DB2-OMINSP	BVR-DB2	PMAOM001,PMAOM008
A005-P1	70.009	A005-P1-DB2-OMINSP-REV	BVR-DB2	
A005-P1	70.010	A005-P1-DB2-WPGMEAS	BVR-DB2	PMPFM001,PMPFM002
A005-P1	70.011	A005-P1-TRIM3-TRIMING	BVR-DB2	PKNCT001
A005-P1	70.012	A005-P1-TRIM3-WIDTH-DEPTH-MEAS	BVR-DB2	PMOMI003
A005-P1	70.013	A005-P1-TRIM3-CHIPPING-INSP	BVR-DB2	PMAOM004
A005-P1	70.014	A005-P1-TRIM3-CHIPPING-INSP-REV	BVR-DB2	
A005-P1	70.015	A005-P1-DB2-SCRB	BVR-DB2	PWSCR002
A005-P1	70.016	A005-P1-TRIM3-EDGE-2D-SCAN	BVR-DB2	PMLOI005
A005-P1	70.017	A005-P1-TRIM3-EDGE-DATA-REVIEW	BVR-DB2	
A005-P1	70.018	A005-P1-DB2-POST-AOI-SCRB	BVR-DB2	PWSCR002
A005-P1	70.019	A005-P1-TRIM3-2D-SCAN	BVR-DB2	PMHOI005
A005-P1	70.020	A005-P1-TRIM3-DATA-REVIEW	BVR-DB2	
A005-P1	70.021	AB1-INKMAP-COLLECT	BVR-DB2	
A005-P1	70.022	A005-P1-OQC1-REPORT	BVR-DB2	
A005-P1	70.023	A005-P1-DB2-TRAN	BVR-DB2	PSWST003
A005-P1	70.024	A005-P1-DB2-BANK	BVR-DB2	
A005-P1	80.001	A005-P1-PKS-MOUNT	AB1-PKS	PKFRL001
A005-P1	80.002	A005-P1-PKS-MOUNT-INSP	AB1-PKS	
A005-P1	80.003	A005-P1-PKS-MOUNT-INSP-REV	AB1-PKS	
A005-P1	80.004	A005-P1-PKS-SEMI-SAW	AB1-PKS	PGTRM005
A005-P1	80.005	A005-P1-PKS-Z1-MEAS	AB1-PKS	PMWLI001
A005-P1	80.006	A005-P1-PKS-LG	AB1-PKS	PGLGV004
A005-P1	80.007	A005-P1-PKS-LG-MEAS-01	AB1-PKS	PMWLI002
A005-P1	80.008	A005-P1-PKS-LG-MEAS	AB1-PKS	PMWLI001
A005-P1	80.009	A005-P1-PKS-DIE-SAW	AB1-PKS	PGTRM003
A005-P1	80.010	A005-P1-PKS-Z2-INSP-MEAS	AB1-PKS	PMOMI001
A005-P1	80.011	A005-P1-PKS-Z2-MEAS-REV	AB1-PKS	
A005-P1	80.012	A005-P1-PKS-UV-ERASE	AB1-PKS	PGUVE002
A005-P1	80.013	A005-P1-PKS-SCRB2	AB1-PKS	PKSCR002
A005-P1	90.001	A005-P1-OQC2-DS-2D-SCAN	AB1-OQC2	PMHOI015
A005-P1	90.002	A005-P1-OQC2-DATA-REVIEW1	AB1-OQC2	
A005-P1	90.003	A005-P1-OQC2-REPORT	AB1-OQC2	
A005-P1	90.004	A005-P1-OQC2-BANK	AB1-OQC2	
