product_name	step_number	step_name	stage_name	eqp_id
A005-D1	10.001	A005-D1-FC-DUMMY	AB1-FC	
A005-D1	10.002	A005-D1-FC-REFLOW	AB1-FC	PKCON001,PKCON002,PKCON003
A005-D1	10.003	A005-D1-FC-DEFLUX	AB1-FC	PKFCV001
A005-D1	10.004	A005-D1-FC-SOH-MEAS	AB1-FC	PMSOH001,PMSOH002,PMSOH003
A005-D1	10.005	A005-D1-FC-GAP-MEAS	AB1-FC	PMSOH001,PMSOH002,PMSOH003,PMQEM001
A005-D1	10.006	A005-D1-FC-INSP	AB1-FC	PMAOM004
A005-D1	10.007	A005-D1-FC-INSP-REV	AB1-FC	
A005-D1	20.001	A005-D1-UF-BAKE	AB1-UF	PLAOV002,PLAOV003
A005-D1	20.002	A005-D1-UF-AUTO-SPLIT	AB1-UF	PSWST003
A005-D1	20.003	A005-D1-UF-PLASMA	AB1-UF	PEDES101,PEDES102
A005-D1	20.004	A005-D1-UF-DISPENSE	AB1-UF	PKUFD001,PKUFD002,PKUFD003
A005-D1	20.005	A005-D1-UF-CURE	AB1-UF	PKPOV001,PKPOV003
A005-D1	20.006	A005-D1-UF-INSP	AB1-UF	PMAOM004
A005-D1	20.007	A005-D1-UF-INSP-REV	AB1-UF	
A005-D1	20.008	A005-D1-UF-CREEP-DISTANCE-MEAS	AB1-UF	PFTST001
A005-D1	30.001	A005-D1-DAF-DUMMY-DIE	AB1-DAF	PKDBD001
A005-D1	30.002	A005-D1-DAF-CURE	AB1-DAF	PKPOV002
A005-D1	30.003	A005-D1-DAF-INSP	AB1-DAF	PMAOM004
A005-D1	30.004	A005-D1-DAF-INSP-REV	AB1-DAF	
A005-D1	30.005	A005-D1-DAF-SAT-VOID	AB1-DAF	PKSAT002,PKSAT006
A005-D1	30.006	A005-D1-DAF-BAKE	AB1-DAF	PLAOV002
A005-D1	30.007	A005-D1-DAF-CHIPPING-INSP	AB1-DAF	PMAOM004
A005-D1	30.008	A005-D1-DAF-CHIPPING-INSP-REV	AB1-DAF	
A005-D1	30.009	A005-D1-DAF-WARP-MEAS	AB1-DAF	PMPFM001
A005-D1	40.001	A005-D1-MD-PLASMA	AB1-MOD	PEDES101,PEDES102
A005-D1	40.002	A005-D1-MD-MOLDING	AB1-MOD	PKMOD001
A005-D1	40.003	A005-D1-MD-SHIFT-MEAS	AB1-MOD	PMQEM001
A005-D1	40.004	A005-D1-MD-INSP	AB1-MOD	PMAOM004
A005-D1	40.005	A005-D1-MD-INSP-REV	AB1-MOD	
A005-D1	40.006	A005-D1-MD-TTV-MEAS	AB1-MOD	PMPFM001
A005-D1	40.007	A005-D1-MD-SAT-VOID	AB1-MOD	PKSAT005
A005-D1	40.008	A005-D1-MD-BAKE	AB1-MOD	PLAOV002,PLAOV003
A005-D1	40.009	A005-D1-MD-WARP-MEAS	AB1-MOD	PMPFM001
A005-D1	50.001	A005-D1-BG2-SORT	AB1-BG2	PSWST003
A005-D1	50.002	A005-D1-BG2-GLASS-CLEAN	AB1-BG2	PWBSB001
A005-D1	50.003	A005-D1-BG2-PRE-INSP	AB1-BG2	PMAOM004
A005-D1	50.004	A005-D1-BG2-PRE-INSP-REV	AB1-BG2	
A005-D1	50.005	A005-D1-BG2-GRINDING	AB1-BG2	PGGLI001
A005-D1	50.006	A005-D1-BG2-SORT-02	AB1-BG2	PSWST003
A005-D1	50.007	A005-D1-BG2-GRINDING-02	AB1-BG2	PGGLI003
A005-D1	50.008	A005-D1-BG2-INSP1	AB1-BG2	PMAOM004
A005-D1	50.009	A005-D1-BG2-INSP1-REV	AB1-BG2	
A005-D1	50.010	A005-D1-BG2-THK-MEAS	AB1-BG2	PMPFM001
A005-D1	50.011	A005-D1-BG2-WARP-MEAS	AB1-BG2	PMPFM001
A005-D1	50.012	A005-D1-BG2-TOPTHK-MEAS	AB1-BG2	PMSOH001
A005-D1	50.013	A005-D1-BG2-GAP-MEAS	AB1-BG2	PMSOH001
A005-D1	50.014	A005-D1-BG2-UNIT-MARKING	AB1-BG2	PBUMK001
A005-D1	50.015	A005-D1-BG2-DEPTH-SHIFT-MEAS	AB1-BG2	PMWLI001
A005-D1	50.016	A005-D1-BG2-2D-SCAN	AB1-BG2	PMHOI005
A005-D1	50.017	A005-D1-BG2-DATA-REVIEW1	AB1-BG2	
A005-D1	50.018	A005-D1-BG2-INSP2	AB1-BG2	PMAOM004
A005-D1	50.019	A005-D1-BG2-INSP2-REV	AB1-BG2	
A005-D1	60.001	A005-D1-TRIM2-TRIMMING	AB1-TRM2	PGTRM101,PGTRM102
A005-D1	60.002	A005-D1-TRIM2-CHIPPING-INSP	AB1-TRM2	PMAOM004
A005-D1	60.003	A005-D1-TRIM2-CHIPPING-INSP-REV	AB1-TRM2	
A005-D1	60.004	A005-D1-TRIM2-WIDTH-DEPTH-MEAS1	AB1-TRM2	PMPFM001
A005-D1	60.005	A005-D1-TRIM2-DIA-MEAS	AB1-TRM2	PMQEM001
A005-D1	60.006	A005-D1-TRIM2-NOTCH-CUTTING	AB1-TRM2	PKNCT001
A005-D1	60.007	A005-D1-TRIM2-WIDTH-DEPTH-MEAS2	AB1-TRM2	PMOMI003
A005-D1	60.008	A005-D1-TRIM2-INSP	AB1-TRM2	PMAOM004
A005-D1	60.009	A005-D1-TRIM2-INSP-REV	AB1-TRM2	
A005-D1	70.001	A005-D1-DB2-SORT	BVR-DB2	PSWST001
A005-D1	70.002	A005-D1-DB2-DEBONDING	BVR-DB2	RBDEB001
A005-D1	70.003	A005-D1-DB2-DES	BVR-DB2	PEDES103
A005-D1	70.004	A005-D1-DB2-BUFFER-ETCH	BVR-DB2	PWETC001
A005-D1	70.005	A005-D1-DB2-BUFFER-ETCH-INSP	BVR-DB2	PMAOM008
A005-D1	70.006	A005-D1-DB2-BUFFER-ETCH-INSP-REV	BVR-DB2	
A005-D1	70.007	A005-D1-DB2-CLEAN	BVR-DB2	PBDEB001,PBDEB002
A005-D1	70.008	A005-D1-DB2-OMINSP	BVR-DB2	PMAOM001,PMAOM008
A005-D1	70.009	A005-D1-DB2-OMINSP-REV	BVR-DB2	
A005-D1	70.010	A005-D1-DB2-WPGMEAS	BVR-DB2	PMPFM001,PMPFM002
A005-D1	70.011	A005-D1-TRIM3-TRIMING	BVR-DB2	PKNCT001
A005-D1	70.012	A005-D1-TRIM3-WIDTH-DEPTH-MEAS	BVR-DB2	PMOMI003
A005-D1	70.013	A005-D1-TRIM3-CHIPPING-INSP	BVR-DB2	PMAOM004
A005-D1	70.014	A005-D1-TRIM3-CHIPPING-INSP-REV	BVR-DB2	
A005-D1	70.015	A005-D1-DB2-SCRB	BVR-DB2	PWSCR002
A005-D1	70.016	A005-D1-TRIM3-EDGE-2D-SCAN	BVR-DB2	PMLOI005
A005-D1	70.017	A005-D1-TRIM3-EDGE-DATA-REVIEW	BVR-DB2	
A005-D1	70.018	A005-D1-DB2-POST-AOI-SCRB	BVR-DB2	PWSCR002
A005-D1	70.019	A005-D1-TRIM3-2D-SCAN	BVR-DB2	PMHOI005
A005-D1	70.020	A005-D1-TRIM3-DATA-REVIEW	BVR-DB2	
A005-D1	70.021	A005-D1-TRIM3-REPORT	BVR-DB2	
A005-D1	70.022	A005-D1-DB2-MERGE-MAP-CHECK	BVR-DB2	
A005-D1	70.023	A005-D1-DB2-MAP-DISPOSAL	BVR-DB2	
A005-D1	70.024	A005-D1-DB2-TRAN	BVR-DB2	PSWST003
A005-D1	80.001	A005-D1-PKS-MOUNT	AB1-PKS	PKFRL001
A005-D1	80.002	A005-D1-PKS-MOUNT-INSP	AB1-PKS	
A005-D1	80.003	A005-D1-PKS-MOUNT-INSP-REV	AB1-PKS	
A005-D1	80.004	A005-D1-PKS-SEMI-SAW	AB1-PKS	PGTRM005
A005-D1	80.005	A005-D1-PKS-Z1-MEAS	AB1-PKS	PMOMI001
A005-D1	80.006	A005-D1-PKS-LG	AB1-PKS	PGLGV004
A005-D1	80.007	A005-D1-PKS-LG-MEAS-01	AB1-PKS	PMWLI002
A005-D1	80.008	A005-D1-PKS-LG-MEAS	AB1-PKS	PMWLI001
A005-D1	80.009	A005-D1-PKS-DIE-SAW	AB1-PKS	PGTRM003
A005-D1	80.010	A005-D1-PKS-Z2-INSP-MEAS	AB1-PKS	PMOMI001
A005-D1	80.011	A005-D1-PKS-Z2-MEAS-REV	AB1-PKS	
A005-D1	80.012	A005-D1-PKS-UV-ERASE	AB1-PKS	PGUVE002
A005-D1	80.013	A005-D1-PKS-SCRB2	AB1-PKS	PKSCR001
A005-D1	90.001	A005-D1-OQC2-DS-2D-SCAN	AB1-OQC2	PMHOI015,PMHOI019
A005-D1	90.002	A005-D1-OQC2-DATA-REVIEW1	AB1-OQC2	
A005-D1	90.003	A005-D1-OQC2-REPORT	AB1-OQC2	
A005-D1	90.004	A005-D1-OQC2-PACK	AB1-OQC2	
A005-MA	10.001	A005-R1-AB1IQC-WFS	AB1-IQC	
A005-MA	10.002	A005-R1-AB1IQC-T7CODE	AB1-IQC	PSWST002
A005-MA	10.003	A005-R1-AB1IQC-INCOMING-MAP	AB1-IQC	
A005-MA	10.004	A005-R1-AB1IQC-INSP	AB1-IQC	PMAOM004
A005-MA	10.005	A005-R1-AB1IQC-INSP-REV	AB1-IQC	
A005-MA	20.001	A005-R1-FC-REFLOW	AB1-FC	PKCON001,PKCON002,PKCON003
A005-MA	20.002	A005-R1-FC-DEFLUX	AB1-FC	PKFCV001
A005-MA	20.003	A005-R1-FC-SOH-MEAS	AB1-FC	PMSOH001,PMSOH003
A005-MA	20.004	A005-R1-FC-GAP-MEAS	AB1-FC	PMSOH001,PMSOH003
A005-MA	20.005	A005-R1-FC-IR-INSP	AB1-FC	PMSOH003
A005-MA	20.006	A005-R1-FC-IR-INSP-REV	AB1-FC	
A005-MA	20.007	A005-R1-FC-INSP	AB1-FC	PMAOM004
A005-MA	20.008	A005-R1-FC-INSP-REV	AB1-FC	
A005-MA	30.001	A005-R1-UF-BAKE	AB1-UF	PLAOV002,PLAOV003
A005-MA	30.002	A005-R1-UF-AUTO-SPLIT	AB1-UF	PSWST003
A005-MA	30.003	A005-R1-UF-PLASMA	AB1-UF	PEDES101,PEDES102
A005-MA	30.004	A005-R1-UF-DISPENSE	AB1-UF	PKUFD001,PKUFD002
A005-MA	30.005	A005-R1-UF-CURE	AB1-UF	PKPOV001
A005-MA	30.006	A005-R1-UF-INSP	AB1-UF	PMAOM004
A005-MA	30.007	A005-R1-UF-INSP-REV	AB1-UF	
A005-MA	30.008	A005-R1-UF-CREEP-DISTANCE-MEAS	AB1-UF	PFTST001
A005-MA	40.001	A005-R1-DAF-DUMMY-DIE	AB1-DAF	PKDBD001
A005-MA	40.002	A005-R1-DAF-CURE	AB1-DAF	PKPOV002
A005-MA	40.003	A005-R1-DAF-INSP	AB1-DAF	PMAOM004
A005-MA	40.004	A005-R1-DAF-INSP-REV	AB1-DAF	
A005-MA	40.005	A005-R1-DAF-SAT	AB1-DAF	PKSAT002,PKSAT006
A005-MA	40.006	A005-R1-DAF-SAT-REV	AB1-DAF	
A005-MA	40.007	A005-R1-DAF-BAKE	AB1-DAF	PLAOV002,PLAOV003
A005-MA	40.008	A005-R1-DAF-CHIPPING-INSP	AB1-DAF	PMAOM004
A005-MA	40.009	A005-R1-DAF-CHIPPING-INSP-REV	AB1-DAF	
A005-MA	40.010	A005-R1-DAF-WARP-MEAS	AB1-DAF	PMPFM001
A005-MA	50.001	A005-R1-MD-PLASMA	AB1-MOD	PEDES101,PEDES102
A005-MA	50.002	A005-R1-MD-MOLDING	AB1-MOD	PKMOD001
A005-MA	50.003	A005-R1-MD-SHIFT-MEAS	AB1-MOD	PMQEM001
A005-MA	50.004	A005-R1-MD-INSP	AB1-MOD	PMAOM004
A005-MA	50.005	A005-R1-MD-INSP-REV	AB1-MOD	
A005-MA	50.006	A005-R1-MD-TTV-MEAS	AB1-MOD	PMPFM001
A005-MA	50.007	A005-R1-MD-SAT	AB1-MOD	PKSAT005
A005-MA	50.008	A005-R1-MD-SAT-REV	AB1-MOD	
A005-MA	50.009	A005-R1-MD-BAKE	AB1-MOD	PLAOV002,PLAOV003
A005-MA	50.010	A005-R1-MD-WARP-MEAS	AB1-MOD	PMPFM001
A005-MA	60.001	A005-R1-BG2-PRE-INSP	AB1-BG2	PMAOM004
A005-MA	60.002	A005-R1-BG2-PRE-INSP-REV	AB1-BG2	
A005-MA	60.003	A005-R1-BG2-SORT	AB1-BG2	PSWST003
A005-MA	60.004	A005-R1-BG2-GRINDING	AB1-BG2	PGGLI001
A005-MA	60.005	A005-R1-BG2-SORT-02	AB1-BG2	PSWST003
A005-MA	60.006	A005-R1-BG2-GRINDING-02	AB1-BG2	PGGLI003
A005-MA	60.007	A005-R1-BG2-INSP1	AB1-BG2	PMAOM004
A005-MA	60.008	A005-R1-BG2-INSP1-REV	AB1-BG2	
A005-MA	60.009	A005-R1-BG2-THK-MEAS	AB1-BG2	PMPFM001
A005-MA	60.010	A005-R1-BG2-WARP-MEAS	AB1-BG2	PMPFM001
A005-MA	60.011	A005-R1-BG2-TOPTHK-MEAS	AB1-BG2	PMSOH001,PMSOH002
A005-MA	60.012	A005-R1-BG2-GAP-MEAS	AB1-BG2	PMSOH001,PMSOH002
A005-MA	60.013	A005-R1-BG2-UNIT-MARKING	AB1-BG2	PBUMK001
A005-MA	60.014	A005-R1-BG2-DEPTH-SHIFT-MEAS	AB1-BG2	PMWLI001
A005-MA	60.015	A005-RA-BG2-2D-SCAN	AB1-BG2	PMHOI005,PMTOI005
A005-MA	60.016	A005-R1-BG2-DATA-REVIEW	AB1-BG2	
A005-MA	60.017	A005-R1-BG2-INSP2	AB1-BG2	PMAOM004
A005-MA	60.018	A005-R1-BG2-INSP2-REV	AB1-BG2	
A005-MA	70.001	A005-R1-TRIM2-TRIMMING	AB1-TRM2	PGTRM101,PGTRM102
A005-MA	70.002	A005-R1-TRIM2-CHIPPING-INSP	AB1-TRM2	PMAOM004
A005-MA	70.003	A005-R1-TRIM2-CHIPPING-INSP-REV	AB1-TRM2	
A005-MA	70.004	A005-R1-TRIM2-WIDTH-DEPTH-MEAS1	AB1-TRM2	PMPFM001
A005-MA	70.005	A005-R1-TRIM2-DIA-MEAS	AB1-TRM2	PMQEM001
A005-MA	70.006	A005-R1-TRIM2-NOTCH-CUTTING	AB1-TRM2	PKNCT001
A005-MA	70.007	A005-R1-TRIM2-WIDTH-DEPTH-MEAS2	AB1-TRM2	PMOMI003
A005-MA	70.008	A005-R1-TRIM2-INSP	AB1-TRM2	PMAOM004
A005-MA	70.009	A005-R1-TRIM2-INSP-REV	AB1-TRM2	
A005-MA	80.001	A005-R1-DB2-SORT	BVR-DB2	PSWST001
A005-MA	80.002	A005-R1-DB2-DEBOND	BVR-DB2	RBDEB001
A005-MA	80.003	A005-R1-DB2-DES	BVR-DB2	PEDES103
A005-MA	80.004	A005-R1-DB2-BUFFER-ETCH	BVR-DB2	PWETC001
A005-MA	80.005	A005-R1-DB2-INSP	BVR-DB2	PMAOM008
A005-MA	80.006	A005-R1-DB2-INSP-REV	BVR-DB2	
A005-MA	80.007	A005-R1-DB2-CLEAN	BVR-DB2	PBDEB001,PBDEB002
A005-MA	80.008	A005-R1-DB2-OMINSP	BVR-DB2	PMAOM001,PMAOM008
A005-MA	80.009	A005-R1-DB2-OMINSP-REV	BVR-DB2	
A005-MA	80.010	A005-R1-DB2-WPGMEAS	BVR-DB2	PMPFM001,PMPFM002
A005-MA	80.011	A005-R1-TRIM3-TRIMING	BVR-DB2	PKNCT001
A005-MA	80.012	A005-R1-TRIM3-WIDTH-DEPTH-MEAS	BVR-DB2	PMOMI003
A005-MA	80.013	A005-R1-TRIM3-CHIPPING-INSP	BVR-DB2	PMAOM004
A005-MA	80.014	A005-R1-TRIM3-CHIPPING-INSP-REV	BVR-DB2	
A005-MA	80.015	A005-R1-DB2-POSTET3-SCRB	BVR-DB2	PWSCR002
A005-MA	80.016	A005-R1-TRIM3-EDGE-2D-SCAN	BVR-DB2	PMLOI005
A005-MA	80.017	A005-R1-DB2-EDGE-DATA-REVIEW	BVR-DB2	
A005-MA	80.018	A005-R1-DB2-POST-AOI-SCRB	BVR-DB2	PWSCR002
A005-MA	80.019	A005-R1-DB2-AOI-SPLIT	BVR-DB2	
A005-MA	80.020	A005-R1-TRIM3-2D-SCAN	BVR-DB2	PMHOI005
A005-MA	80.021	A005-R1-DB2-DATA-REVIEW	BVR-DB2	
A005-MA	80.022	A005-R1-DB2-REPORT	BVR-DB2	
A005-MA	80.023	A005-R1-DB2-MERGE-MAP-CHECK	BVR-DB2	
A005-MA	80.024	A005-R1-DB2-MAP-DISPOSAL	BVR-DB2	
A005-MA	80.025	A005-R1-DB2-TRAN	BVR-DB2	PSWST003
A005-MS	10.001	A005-R1-PKS-WFS	TOP-IQA	
A005-MS	10.002	A005-R1-PKS-T7CODE	TOP-IQA	PSWST003
A005-MS	10.003	A005-RS-PKS-INCOMING-MAP	TOP-IQA	
A005-MS	20.001	A005-R1-PKS-INCOMING-OM	AB1-PKS	PMAOM005
A005-MS	20.002	A005-R1-PKS-INCOMING-OM-REV	AB1-PKS	
A005-MS	20.003	A005-R1-PKS-MOUNT	AB1-PKS	PKFRL001
A005-MS	20.004	A005-R1-PKS-MOUNT-INSP	AB1-PKS	
A005-MS	20.005	A005-R1-PKS-MOUNT-INSP-REV	AB1-PKS	
A005-MS	20.006	A005-R1-PKS-SEMI-SAW	AB1-PKS	PGTRM005
A005-MS	20.007	A005-R1-PKS-Z1-MEAS	AB1-PKS	PMWLI001
A005-MS	20.008	A005-R1-PKS-Z1-INSP	AB1-PKS	PMOMI001
A005-MS	20.009	A005-R1-PKS-Z1-INSP-REV	AB1-PKS	
A005-MS	20.010	A005-R1-PKS-LG	AB1-PKS	PGLGV004
A005-MS	20.011	A005-R1-PKS-LG-MEAS-01	AB1-PKS	PMWLI002
A005-MS	20.012	A005-R1-PKS-LG-MEAS	AB1-PKS	PMWLI001
A005-MS	20.013	A005-R1-PKS-LG-INSP	AB1-PKS	PMOMI001
A005-MS	20.014	A005-R1-PKS-LG-INSP-REV	AB1-PKS	
A005-MS	20.015	A005-R1-PKS-DIE-SAW	AB1-PKS	PGTRM003
A005-MS	20.016	A005-R1-PKS-Z2-INSP-MEAS	AB1-PKS	PMOMI001
A005-MS	20.017	A005-R1-PKS-Z2-INSP-REV	AB1-PKS	
A005-MS	20.018	A005-R1-PKS-SCRB2	AB1-PKS	PKSCR001
A005-MS	20.019	A005-R1-PKS-UV-ERASE	AB1-PKS	PGUVE002
A005-MS	30.001	A005-RS-OQC2-DS-2D-SCAN	AB1-OQC2	PMHOI015,PMHOI019
A005-MS	30.002	A005-R1-OQC2-DATA-REVIEW	AB1-OQC2	
A005-MS	30.003	A005-R1-OQC2-REPORT	AB1-OQC2	
A005-MS	30.004	A005-RS-OQC2-MERGE-MAP-CHECK	AB1-OQC2	
A005-MS	30.005	A005-RS-OQC2-MAP-DISPOSAL	AB1-OQC2	
A005-MS	30.006	A005-RS-OQC2-SHIPTO-AB2	AB1-OQC2	
A005-P1	10.001	A005-P1-FC-BANK	AB1-FC	
A005-P1	10.002	A005-P1-FC-DUMMY	AB1-FC	
A005-P1	10.003	A005-P1-FC-REFLOW	AB1-FC	PKCON001,PKCON002,PKCON003
A005-P1	10.004	A005-P1-FC-DEFLUX	AB1-FC	PKFCV001
A005-P1	10.005	A005-P1-FC-SOH-MEAS	AB1-FC	PMSOH001,PMSOH003
A005-P1	10.006	A005-P1-FC-GAP-MEAS	AB1-FC	PMSOH001,PMSOH003
A005-P1	10.007	A005-P1-FC-INSP	AB1-FC	PMAOM004
A005-P1	10.008	A005-P1-FC-INSP-REV	AB1-FC	
A005-P1	20.001	A005-P1-UF-BAKE	AB1-UF	PLAOV002,PLAOV003
A005-P1	20.002	A005-P1-UF-AUTO-SPLIT	AB1-UF	PSWST003
A005-P1	20.003	A005-P1-UF-PLASMA	AB1-UF	PEDES101,PEDES102
A005-P1	20.004	A005-P1-UF-DISPENSE	AB1-UF	PKUFD001,PKUFD002
A005-P1	20.005	A005-P1-UF-CURE	AB1-UF	PKPOV001
A005-P1	20.006	A005-P1-UF-INSP	AB1-UF	PMAOM004
A005-P1	20.007	A005-P1-UF-INSP-REV	AB1-UF	
A005-P1	20.008	A005-P1-UF-CREEP-DISTANCE-MEAS	AB1-UF	PFTST001
A005-P1	30.001	A005-P1-DAF-DUMMY-DIE	AB1-DAF	PKDBD001
A005-P1	30.002	A005-P1-DAF-CURE	AB1-DAF	PKPOV002
A005-P1	30.003	A005-P1-DAF-INSP	AB1-DAF	PMAOM004
A005-P1	30.004	A005-P1-DAF-INSP-REV	AB1-DAF	
A005-P1	30.005	A005-P1-DAF-SAT	AB1-DAF	PKSAT002,PKSAT006
A005-P1	30.006	A005-P1-DAF-SAT-REV	AB1-DAF	
A005-P1	30.007	A005-P1-DAF-BAKE	AB1-DAF	PLAOV002,PLAOV003
A005-P1	30.008	A005-P1-DAF-CHIPPING-INSP	AB1-DAF	PMAOM004
A005-P1	30.009	A005-P1-DAF-CHIPPING-INSP-REV	AB1-DAF	
A005-P1	30.010	A005-P1-DAF-WARP-MEAS	AB1-DAF	PMPFM001
A005-P1	40.001	A005-P1-MD-PLASMA	AB1-MOD	PEDES101,PEDES102
A005-P1	40.002	A005-P1-MD-MOLDING	AB1-MOD	PKMOD001
A005-P1	40.003	A005-P1-MD-SHIFT-MEAS	AB1-MOD	PMQEM001
A005-P1	40.004	A005-P1-MD-INSP	AB1-MOD	PMAOM004
A005-P1	40.005	A005-P1-MD-INSP-REV	AB1-MOD	
A005-P1	40.006	A005-P1-MD-TTV-MEAS	AB1-MOD	PMPFM001
A005-P1	40.007	A005-P1-MD-SAT	AB1-MOD	PKSAT005
A005-P1	40.008	A005-P1-MD-SAT-REV	AB1-MOD	
A005-P1	40.009	A005-P1-MD-BAKE	AB1-MOD	PLAOV002,PLAOV003
A005-P1	40.010	A005-P1-MD-WARP-MEAS	AB1-MOD	PMPFM001
A005-P1	50.001	A005-P1-BG2-PRE-INSP	AB1-BG2	PMAOM004
A005-P1	50.002	A005-P1-BG2-PRE-INSP-REV	AB1-BG2	
A005-P1	50.003	A005-P1-BG2-SORT	AB1-BG2	PSWST003
A005-P1	50.004	A005-P1-BG2-GRINDING	AB1-BG2	PGGLI001
A005-P1	50.005	A005-P1-BG2-SORT-02	AB1-BG2	PSWST003
A005-P1	50.006	A005-P1-BG2-GRINDING-02	AB1-BG2	PGGLI003
A005-P1	50.007	A005-P1-BG2-INSP1	AB1-BG2	PMAOM004
A005-P1	50.008	A005-P1-BG2-INSP1-REV	AB1-BG2	
A005-P1	50.009	A005-P1-BG2-THK-MEAS	AB1-BG2	PMPFM001
A005-P1	50.010	A005-P1-BG2-WARP-MEAS	AB1-BG2	PMPFM001
A005-P1	50.011	A005-P1-BG2-TOPTHK-MEAS	AB1-BG2	PMSOH001,PMSOH002,PMSOH003
A005-P1	50.012	A005-P1-BG2-GAP-MEAS	AB1-BG2	PMSOH001,PMSOH002,PMSOH003
A005-P1	50.013	A005-P1-BG2-UNIT-MARKING	AB1-BG2	PBUMK001
A005-P1	50.014	A005-P1-BG2-DEPTH-SHIFT-MEAS	AB1-BG2	PMWLI001
A005-P1	50.015	A005-P1-BG2-2D-SCAN	AB1-BG2	PMHOI005,PMTOI005
A005-P1	50.016	A005-P1-BG2-DATA-REVIEW1	AB1-BG2	
A005-P1	50.017	A005-P1-BG2-INSP2	AB1-BG2	PMAOM004
A005-P1	50.018	A005-P1-BG2-INSP2-REV	AB1-BG2	
A005-P1	60.001	A005-P1-TRIM2-TRIMMING	AB1-TRM2	PGTRM101,PGTRM102
A005-P1	60.002	A005-P1-TRIM2-CHIPPING-INSP	AB1-TRM2	PMAOM004
A005-P1	60.003	A005-P1-TRIM2-CHIPPING-INSP-REV	AB1-TRM2	
A005-P1	60.004	A005-P1-TRIM2-WIDTH-DEPTH-MEAS1	AB1-TRM2	PMPFM001
A005-P1	60.005	A005-P1-TRIM2-DIA-MEAS	AB1-TRM2	PMQEM001
A005-P1	60.006	A005-P1-TRIM2-NOTCH-CUTTING	AB1-TRM2	PKNCT001
A005-P1	60.007	A005-P1-TRIM2-WIDTH-DEPTH-MEAS2	AB1-TRM2	PMOMI003
A005-P1	60.008	A005-P1-TRIM2-INSP	AB1-TRM2	PMAOM004
A005-P1	60.009	A005-P1-TRIM2-INSP-REV	AB1-TRM2	
A005-P1	70.001	A005-P1-DB2-SORT	BVR-DB2	PSWST001
A005-P1	70.002	A005-P1-DB2-DEBONDING	BVR-DB2	RBDEB001
A005-P1	70.003	A005-P1-DB2-DES	BVR-DB2	PEDES103
A005-P1	70.004	A005-P1-DB2-BUFFER-ETCH	BVR-DB2	PWETC001
A005-P1	70.005	A005-P1-DB2-BUFFER-ETCH-INSP	BVR-DB2	PMAOM008
A005-P1	70.006	A005-P1-DB2-BUFFER-ETCH-INSP-REV	BVR-DB2	
A005-P1	70.007	A005-P1-DB2-CLEAN	BVR-DB2	PBDEB001,PBDEB002
A005-P1	70.008	A005-P1-DB2-OMINSP	BVR-DB2	PMAOM001,PMAOM008
A005-P1	70.009	A005-P1-DB2-OMINSP-REV	BVR-DB2	
A005-P1	70.010	A005-P1-DB2-WPGMEAS	BVR-DB2	PMPFM001,PMPFM002
A005-P1	70.011	A005-P1-TRIM3-TRIMING	BVR-DB2	PKNCT001
A005-P1	70.012	A005-P1-TRIM3-WIDTH-DEPTH-MEAS	BVR-DB2	PMOMI003
A005-P1	70.013	A005-P1-TRIM3-CHIPPING-INSP	BVR-DB2	PMAOM004
A005-P1	70.014	A005-P1-TRIM3-CHIPPING-INSP-REV	BVR-DB2	
A005-P1	70.015	A005-P1-DB2-SCRB	BVR-DB2	PWSCR002
A005-P1	70.016	A005-P1-TRIM3-EDGE-2D-SCAN	BVR-DB2	PMLOI005
A005-P1	70.017	A005-P1-TRIM3-EDGE-DATA-REVIEW	BVR-DB2	
A005-P1	70.018	A005-P1-DB2-POST-AOI-SCRB	BVR-DB2	PWSCR002
A005-P1	70.019	A005-P1-TRIM3-2D-SCAN	BVR-DB2	PMHOI005
A005-P1	70.020	A005-P1-TRIM3-DATA-REVIEW	BVR-DB2	
A005-P1	70.021	AB1-INKMAP-COLLECT	BVR-DB2	
A005-P1	70.022	A005-P1-OQC1-REPORT	BVR-DB2	
A005-P1	70.023	A005-P1-DB2-TRAN	BVR-DB2	PSWST003
A005-P1	70.024	A005-P1-DB2-BANK	BVR-DB2	
A005-P1	80.001	A005-P1-PKS-MOUNT	AB1-PKS	PKFRL001
A005-P1	80.002	A005-P1-PKS-MOUNT-INSP	AB1-PKS	
A005-P1	80.003	A005-P1-PKS-MOUNT-INSP-REV	AB1-PKS	
A005-P1	80.004	A005-P1-PKS-SEMI-SAW	AB1-PKS	PGTRM005
A005-P1	80.005	A005-P1-PKS-Z1-MEAS	AB1-PKS	PMWLI001
A005-P1	80.006	A005-P1-PKS-LG	AB1-PKS	PGLGV004
A005-P1	80.007	A005-P1-PKS-LG-MEAS-01	AB1-PKS	PMWLI002
A005-P1	80.008	A005-P1-PKS-LG-MEAS	AB1-PKS	PMWLI001
A005-P1	80.009	A005-P1-PKS-DIE-SAW	AB1-PKS	PGTRM003
A005-P1	80.010	A005-P1-PKS-Z2-INSP-MEAS	AB1-PKS	PMOMI001
A005-P1	80.011	A005-P1-PKS-Z2-MEAS-REV	AB1-PKS	
A005-P1	80.012	A005-P1-PKS-UV-ERASE	AB1-PKS	PGUVE002
A005-P1	80.013	A005-P1-PKS-SCRB2	AB1-PKS	PKSCR002
A005-P1	90.001	A005-P1-OQC2-DS-2D-SCAN	AB1-OQC2	PMHOI015
A005-P1	90.002	A005-P1-OQC2-DATA-REVIEW1	AB1-OQC2	
A005-P1	90.003	A005-P1-OQC2-REPORT	AB1-OQC2	
A005-P1	90.004	A005-P1-OQC2-BANK	AB1-OQC2	
A005-RA	10.001	A005-R1-AB1IQC-WFS	AB1-IQC	
A005-RA	10.002	A005-R1-AB1IQC-T7CODE	AB1-IQC	PSWST002
A005-RA	10.003	A005-R1-AB1IQC-INCOMING-MAP	AB1-IQC	
A005-RA	10.004	A005-R1-AB1IQC-INSP	AB1-IQC	PMAOM004
A005-RA	10.005	A005-R1-AB1IQC-INSP-REV	AB1-IQC	
A005-RA	20.001	A005-R1-FC-REFLOW	AB1-FC	PKCON001,PKCON002,PKCON003
A005-RA	20.002	A005-R1-FC-DEFLUX	AB1-FC	PKFCV001
A005-RA	20.003	A005-R1-FC-SOH-MEAS	AB1-FC	PMSOH001,PMSOH003
A005-RA	20.004	A005-R1-FC-GAP-MEAS	AB1-FC	PMSOH001,PMSOH003
A005-RA	20.005	A005-R1-FC-IR-INSP	AB1-FC	PMSOH003
A005-RA	20.006	A005-R1-FC-IR-INSP-REV	AB1-FC	
A005-RA	20.007	A005-R1-FC-INSP	AB1-FC	PMAOM004
A005-RA	20.008	A005-R1-FC-INSP-REV	AB1-FC	
A005-RA	30.001	A005-R1-UF-BAKE	AB1-UF	PLAOV002,PLAOV003
A005-RA	30.002	A005-R1-UF-AUTO-SPLIT	AB1-UF	PSWST003
A005-RA	30.003	A005-R1-UF-PLASMA	AB1-UF	PEDES101,PEDES102
A005-RA	30.004	A005-R1-UF-DISPENSE	AB1-UF	PKUFD001,PKUFD002
A005-RA	30.005	A005-R1-UF-CURE	AB1-UF	PKPOV001
A005-RA	30.006	A005-R1-UF-INSP	AB1-UF	PMAOM004
A005-RA	30.007	A005-R1-UF-INSP-REV	AB1-UF	
A005-RA	30.008	A005-R1-UF-CREEP-DISTANCE-MEAS	AB1-UF	PFTST001
A005-RA	40.001	A005-R1-DAF-DUMMY-DIE	AB1-DAF	PKDBD001
A005-RA	40.002	A005-R1-DAF-CURE	AB1-DAF	PKPOV002
A005-RA	40.003	A005-R1-DAF-INSP	AB1-DAF	PMAOM004
A005-RA	40.004	A005-R1-DAF-INSP-REV	AB1-DAF	
A005-RA	40.005	A005-R1-DAF-SAT	AB1-DAF	PKSAT002,PKSAT006
A005-RA	40.006	A005-R1-DAF-SAT-REV	AB1-DAF	
A005-RA	40.007	A005-R1-DAF-BAKE	AB1-DAF	PLAOV002,PLAOV003
A005-RA	40.008	A005-R1-DAF-CHIPPING-INSP	AB1-DAF	PMAOM004
A005-RA	40.009	A005-R1-DAF-CHIPPING-INSP-REV	AB1-DAF	
A005-RA	40.010	A005-R1-DAF-WARP-MEAS	AB1-DAF	PMPFM001
A005-RA	50.001	A005-R1-MD-PLASMA	AB1-MOD	PEDES101,PEDES102
A005-RA	50.002	A005-R1-MD-MOLDING	AB1-MOD	PKMOD001
A005-RA	50.003	A005-R1-MD-SHIFT-MEAS	AB1-MOD	PMQEM001
A005-RA	50.004	A005-R1-MD-INSP	AB1-MOD	PMAOM004
A005-RA	50.005	A005-R1-MD-INSP-REV	AB1-MOD	
A005-RA	50.006	A005-R1-MD-TTV-MEAS	AB1-MOD	PMPFM001
A005-RA	50.007	A005-R1-MD-SAT	AB1-MOD	PKSAT005
A005-RA	50.008	A005-R1-MD-SAT-REV	AB1-MOD	
A005-RA	50.009	A005-R1-MD-BAKE	AB1-MOD	PLAOV002,PLAOV003
A005-RA	50.010	A005-R1-MD-WARP-MEAS	AB1-MOD	PMPFM001
A005-RA	60.001	A005-R1-BG2-PRE-INSP	AB1-BG2	PMAOM004
A005-RA	60.002	A005-R1-BG2-PRE-INSP-REV	AB1-BG2	
A005-RA	60.003	A005-R1-BG2-SORT	AB1-BG2	PSWST003
A005-RA	60.004	A005-R1-BG2-GRINDING	AB1-BG2	PGGLI001
A005-RA	60.005	A005-R1-BG2-SORT-02	AB1-BG2	PSWST003
A005-RA	60.006	A005-R1-BG2-GRINDING-02	AB1-BG2	PGGLI003
A005-RA	60.007	A005-R1-BG2-INSP1	AB1-BG2	PMAOM004
A005-RA	60.008	A005-R1-BG2-INSP1-REV	AB1-BG2	
A005-RA	60.009	A005-R1-BG2-THK-MEAS	AB1-BG2	PMPFM001
A005-RA	60.010	A005-R1-BG2-WARP-MEAS	AB1-BG2	PMPFM001
A005-RA	60.011	A005-R1-BG2-TOPTHK-MEAS	AB1-BG2	PMSOH001,PMSOH002
A005-RA	60.012	A005-R1-BG2-GAP-MEAS	AB1-BG2	PMSOH001,PMSOH002
A005-RA	60.013	A005-R1-BG2-UNIT-MARKING	AB1-BG2	PBUMK001
A005-RA	60.014	A005-R1-BG2-DEPTH-SHIFT-MEAS	AB1-BG2	PMWLI001
A005-RA	60.015	A005-RA-BG2-2D-SCAN	AB1-BG2	PMHOI005,PMTOI005
A005-RA	60.016	A005-R1-BG2-DATA-REVIEW	AB1-BG2	
A005-RA	60.017	A005-R1-BG2-INSP2	AB1-BG2	PMAOM004
A005-RA	60.018	A005-R1-BG2-INSP2-REV	AB1-BG2	
A005-RA	70.001	A005-R1-TRIM2-TRIMMING	AB1-TRM2	PGTRM101,PGTRM102
A005-RA	70.002	A005-R1-TRIM2-CHIPPING-INSP	AB1-TRM2	PMAOM004
A005-RA	70.003	A005-R1-TRIM2-CHIPPING-INSP-REV	AB1-TRM2	
A005-RA	70.004	A005-R1-TRIM2-WIDTH-DEPTH-MEAS1	AB1-TRM2	PMPFM001
A005-RA	70.005	A005-R1-TRIM2-DIA-MEAS	AB1-TRM2	PMQEM001
A005-RA	70.006	A005-R1-TRIM2-NOTCH-CUTTING	AB1-TRM2	PKNCT001
A005-RA	70.007	A005-R1-TRIM2-WIDTH-DEPTH-MEAS2	AB1-TRM2	PMOMI003
A005-RA	70.008	A005-R1-TRIM2-INSP	AB1-TRM2	PMAOM004
A005-RA	70.009	A005-R1-TRIM2-INSP-REV	AB1-TRM2	
A005-RA	80.001	A005-R1-DB2-SORT	BVR-DB2	PSWST001
A005-RA	80.002	A005-R1-DB2-DEBOND	BVR-DB2	RBDEB001
A005-RA	80.003	A005-R1-DB2-DES	BVR-DB2	PEDES103
A005-RA	80.004	A005-R1-DB2-BUFFER-ETCH	BVR-DB2	PWETC001
A005-RA	80.005	A005-R1-DB2-INSP	BVR-DB2	PMAOM008
A005-RA	80.006	A005-R1-DB2-INSP-REV	BVR-DB2	
A005-RA	80.007	A005-R1-DB2-CLEAN	BVR-DB2	PBDEB001,PBDEB002
A005-RA	80.008	A005-R1-DB2-OMINSP	BVR-DB2	PMAOM001,PMAOM008
A005-RA	80.009	A005-R1-DB2-OMINSP-REV	BVR-DB2	
A005-RA	80.010	A005-R1-DB2-WPGMEAS	BVR-DB2	PMPFM001,PMPFM002
A005-RA	80.011	A005-R1-TRIM3-TRIMING	BVR-DB2	PKNCT001
A005-RA	80.012	A005-R1-TRIM3-WIDTH-DEPTH-MEAS	BVR-DB2	PMOMI003
A005-RA	80.013	A005-R1-TRIM3-CHIPPING-INSP	BVR-DB2	PMAOM004
A005-RA	80.014	A005-R1-TRIM3-CHIPPING-INSP-REV	BVR-DB2	
A005-RA	80.015	A005-R1-DB2-POSTET3-SCRB	BVR-DB2	PWSCR002
A005-RA	80.016	A005-R1-TRIM3-EDGE-2D-SCAN	BVR-DB2	PMLOI005
A005-RA	80.017	A005-R1-DB2-EDGE-DATA-REVIEW	BVR-DB2	
A005-RA	80.018	A005-R1-DB2-POST-AOI-SCRB	BVR-DB2	PWSCR002
A005-RA	80.019	A005-R1-DB2-AOI-SPLIT	BVR-DB2	
A005-RA	80.020	A005-R1-TRIM3-2D-SCAN	BVR-DB2	PMHOI005
A005-RA	80.021	A005-R1-DB2-DATA-REVIEW	BVR-DB2	
A005-RA	80.022	A005-R1-DB2-REPORT	BVR-DB2	
A005-RA	80.023	A005-R1-DB2-MERGE-MAP-CHECK	BVR-DB2	
A005-RA	80.024	A005-R1-DB2-MAP-DISPOSAL	BVR-DB2	
A005-RA	80.025	A005-R1-DB2-TRAN	BVR-DB2	PSWST003
A005-RS	10.001	A005-R1-PKS-WFS	TOP-IQA	
A005-RS	10.002	A005-R1-PKS-T7CODE	TOP-IQA	PSWST003
A005-RS	10.003	A005-RS-PKS-INCOMING-MAP	TOP-IQA	
A005-RS	20.001	A005-R1-PKS-INCOMING-OM	AB1-PKS	PMAOM005
A005-RS	20.002	A005-R1-PKS-INCOMING-OM-REV	AB1-PKS	
A005-RS	20.003	A005-R1-PKS-MOUNT	AB1-PKS	PKFRL001
A005-RS	20.004	A005-R1-PKS-MOUNT-INSP	AB1-PKS	
A005-RS	20.005	A005-R1-PKS-MOUNT-INSP-REV	AB1-PKS	
A005-RS	20.006	A005-R1-PKS-SEMI-SAW	AB1-PKS	PGTRM005
A005-RS	20.007	A005-R1-PKS-Z1-MEAS	AB1-PKS	PMWLI001
A005-RS	20.008	A005-R1-PKS-Z1-INSP	AB1-PKS	PMOMI001
A005-RS	20.009	A005-R1-PKS-Z1-INSP-REV	AB1-PKS	
A005-RS	20.010	A005-R1-PKS-LG	AB1-PKS	PGLGV004
A005-RS	20.011	A005-R1-PKS-LG-MEAS-01	AB1-PKS	PMWLI002
A005-RS	20.012	A005-R1-PKS-LG-MEAS	AB1-PKS	PMWLI001
A005-RS	20.013	A005-R1-PKS-LG-INSP	AB1-PKS	PMOMI001
A005-RS	20.014	A005-R1-PKS-LG-INSP-REV	AB1-PKS	
A005-RS	20.015	A005-R1-PKS-DIE-SAW	AB1-PKS	PGTRM003
A005-RS	20.016	A005-R1-PKS-Z2-INSP-MEAS	AB1-PKS	PMOMI001
A005-RS	20.017	A005-R1-PKS-Z2-INSP-REV	AB1-PKS	
A005-RS	20.018	A005-R1-PKS-SCRB2	AB1-PKS	PKSCR001
A005-RS	20.019	A005-R1-PKS-UV-ERASE	AB1-PKS	PGUVE002
A005-RS	30.001	A005-RS-OQC2-DS-2D-SCAN	AB1-OQC2	PMHOI015,PMHOI019
A005-RS	30.002	A005-R1-OQC2-DATA-REVIEW	AB1-OQC2	
A005-RS	30.003	A005-R1-OQC2-REPORT	AB1-OQC2	
A005-RS	30.004	A005-RS-OQC2-MERGE-MAP-CHECK	AB1-OQC2	
A005-RS	30.005	A005-RS-OQC2-MAP-DISPOSAL	AB1-OQC2	
A005-RS	30.006	A005-RS-OQC2-SHIPTO-AB2	AB1-OQC2	
A006-D1	10.001	A006-D1-DPS-SORT	IOD-DPSIQA	PSWST002
A006-D1	10.002	A006-D1-DPS-INCOMING-OM	IOD-DPSIQA	PMAOM004
A006-D1	10.003	A006-D1-DPS-INCOMING-OM-REV	IOD-DPSIQA	
A006-D1	20.001	A006-D1-DPS-MOUNT	IOD-DPS	PGBGL001,PGBGL002
A006-D1	20.002	A006-D1-DPS-BGMOUNT	IOD-DPS	PGGLI002
A006-D1	20.003	A006-D1-DPS-BG-MEAS	IOD-DPS	
A006-D1	20.004	A006-D1-DPS-BG-INSP	IOD-DPS	PMOMI001
A006-D1	20.005	A006-D1-DPS-BG-INSP-REV	IOD-DPS	
A006-D1	20.006	A006-D1-DPS-LG-FAR	IOD-DPS	PGLGV001
A006-D1	20.007	A006-D1-DPS-LG-CEN	IOD-DPS	PGLGV001
A006-D1	20.008	A006-D1-DPS-LG-MEAS-01	IOD-DPS	PMWLI002
A006-D1	20.009	A006-D1-DPS-LG-MEAS	IOD-DPS	PMWLI001
A006-D1	20.010	A006-D1-DPS-SAW	IOD-DPS	PGBSW003
A006-D1	20.011	A006-D1-DPS-SAW-MEAS	IOD-DPS	PMOMI001
A006-D1	20.012	A006-D1-DPS-UV-ERASE	IOD-DPS	PGUVE002
A006-D1	20.013	A006-D1-DPS-SCRB	IOD-DPS	PKSCR002
A006-D1	30.001	A006-D1-DPS-2D-SCAN	IOD-DPSOQC	PMHOI015,PMHOI019
A006-D1	30.002	A006-D1-DPS-DATA-REVIEW1	IOD-DPSOQC	
A006-D1	30.003	A006-D1-DPS-REPORT	IOD-DPSOQC	
A006-D1	30.004	A006-D1-DPS-MEAGE-MAP-CHECK	IOD-DPSOQC	
A006-D1	30.005	A006-D1-DPS-MAP-DISPOSAL	IOD-DPSOQC	
A006-D1	40.001	A006-D1-FTF-INPUT-TO-OUTPUT	IO-FTFST	
A006-D1	40.002	A006-D1-FTF-OPUT-MOUNT	IO-FTFST	PKFRL001
A006-D1	50.001	A006-D1-FTF-INPUT-BANK	IO-FTFFN	
A006-D1	60.001	A006-D1-FTF-OPUT-FTF	IO-FTF	PKFFS002
A006-D1	60.002	A006-D1-FTF-OPUT-SORTER	IO-FTF	
A006-D1	60.003	A006-DF-FTF-OPUT-IR-SCAN	IO-FTF	PMIOI002
A006-D1	60.004	A006-DF-FTF-OPUT-IR-REV	IO-FTF	
A006-D1	60.005	A006-D1-FTF-OPUT-UVERASE	IO-FTF	PGUVE002
A006-D1	60.006	A006-D1-FTF-OPUT-SCRB	IO-FTF	PKSCR002
A006-D1	70.001	A006-DF-FTF-OPUT-2D-SCAN	IO-FTFOQC	PMHOI015,PMHOI019
A006-D1	70.002	A006-D1-FTF-OPUT-2D-REV	IO-FTFOQC	
A006-D1	70.003	A006-D1-FTF-OPUT-REPORT	IO-FTFOQC	
A006-D1	70.004	A006-DF-FTF-MERGE-MAP-CHECK	IO-FTFOQC	
A006-D1	70.005	A006-DF-FTF-MAP-DISPOSAL	IO-FTFOQC	
A006-D1	70.006	A006-D1-FTF-OPUT-PACK	IO-FTFOQC	
A006-MS	10.001	A006-R1-DPS-WFS	IOD-DPSIQA	
A006-MS	10.002	A006-R1-DPS-T7CODE	IOD-DPSIQA	PSWST002
A006-MS	10.003	A006-RS-DPS-INCOMING-MAP	IOD-DPSIQA	
A006-MS	10.004	A006-R1-DPS-INCOMING-OM	IOD-DPSIQA	PMAOM004
A006-MS	10.005	A006-R1-DPS-INCOMING-OM-REV	IOD-DPSIQA	
A006-MS	20.001	A006-R1-DPS-MOUNT	IOD-DPS	PGBGL001,PGBGL002
A006-MS	20.002	A006-R1-DPS-BGMOUNT	IOD-DPS	PGGLI002
A006-MS	20.003	A006-R1-DPS-BG-MEAS	IOD-DPS	
A006-MS	20.004	A006-R1-DPS-BG-INSP	IOD-DPS	PMOMI001
A006-MS	20.005	A006-R1-DPS-BG-INSP-REV	IOD-DPS	
A006-MS	20.006	A006-R1-DPS-LG-FAR	IOD-DPS	PGLGV001
A006-MS	20.007	A006-R1-DPS-LG-CEN	IOD-DPS	PGLGV001
A006-MS	20.008	A006-R1-DPS-LG-MEAS-01	IOD-DPS	PMWLI002
A006-MS	20.009	A006-R1-DPS-LG-MEAS	IOD-DPS	PMWLI001
A006-MS	20.010	A006-R1-DPS-SAW	IOD-DPS	PGBSW003
A006-MS	20.011	A006-R1-DPS-SAW-MEAS	IOD-DPS	PMOMI001
A006-MS	20.012	A006-R1-DPS-SCRB	IOD-DPS	PKSCR002
A006-MS	20.013	A006-R1-DPS-UV-ERASE	IOD-DPS	PGUVE002
A006-MS	30.001	A006-RS-DPS-2D-SCAN	IOD-DPSOQC	PMHOI015,PMHOI019
A006-MS	30.002	A006-R1-DPS-2D-REV	IOD-DPSOQC	
A006-MS	30.003	A006-R1-DPS-REPORT	IOD-DPSOQC	
A006-MS	30.004	A006-RS-DPS-MERGE-MAP-CHECK	IOD-DPSOQC	
A006-MS	30.005	A006-RS-DPS-MAP-DISPOSAL	IOD-DPSOQC	
A006-MS	40.001	A006-R1-FTF-INPUT-TO-OUTPUT	IO-FTFST	
A006-MS	40.002	A006-R1-FTF-OPUT-MOUNT	IO-FTFST	PKFRL001
A006-MS	50.001	A006-R1-FTF-INPUT-BANK	IO-FTFFN	
A006-MS	60.001	A006-R1-FTF-OPUT-FTF	IO-FTF	PKFFS002
A006-MS	60.002	A006-R1-FTF-OPUT-SORTER	IO-FTF	
A006-MS	60.003	A006-RF-FTF-OPUT-IR-SCAN	IO-FTF	PMIOI002
A006-MS	60.004	A006-RF-FTF-OPUT-IR-REV	IO-FTF	
A006-MS	60.005	A006-R1-FTF-OPUT-UVERASE	IO-FTF	PGUVE002
A006-MS	60.006	A006-R1-FTF-OPUT-SCRB	IO-FTF	PKSCR002
A006-MS	70.001	A006-RF-FTF-OPUT-2D-SCAN	IO-FTFOQC	PMHOI015,PMHOI019
A006-MS	70.002	A006-R1-FTF-OPUT-2D-REV	IO-FTFOQC	
A006-MS	70.003	A006-R1-FTF-OPUT-REPORT	IO-FTFOQC	
A006-MS	70.004	A006-RF-FTF-MERGE-MAP-CHECK	IO-FTFOQC	
A006-MS	70.005	A006-RF-FTF-MAP-DISPOSAL	IO-FTFOQC	
A006-MS	70.006	A006-R1-FTF-OPUT-PACK	IO-FTFOQC	
A006-RS	10.001	A006-R1-DPS-WFS	IOD-DPSIQA	
A006-RS	10.002	A006-R1-DPS-T7CODE	IOD-DPSIQA	PSWST002
A006-RS	10.003	A006-RS-DPS-INCOMING-MAP	IOD-DPSIQA	
A006-RS	10.004	A006-R1-DPS-INCOMING-OM	IOD-DPSIQA	PMAOM004
A006-RS	10.005	A006-R1-DPS-INCOMING-OM-REV	IOD-DPSIQA	
A006-RS	20.001	A006-R1-DPS-MOUNT	IOD-DPS	PGBGL001,PGBGL002
A006-RS	20.002	A006-R1-DPS-BGMOUNT	IOD-DPS	PGGLI002
A006-RS	20.003	A006-R1-DPS-BG-MEAS	IOD-DPS	
A006-RS	20.004	A006-R1-DPS-BG-INSP	IOD-DPS	PMOMI001
A006-RS	20.005	A006-R1-DPS-BG-INSP-REV	IOD-DPS	
A006-RS	20.006	A006-R1-DPS-LG-FAR	IOD-DPS	PGLGV001
A006-RS	20.007	A006-R1-DPS-LG-CEN	IOD-DPS	PGLGV001
A006-RS	20.008	A006-R1-DPS-LG-MEAS-01	IOD-DPS	PMWLI002
A006-RS	20.009	A006-R1-DPS-LG-MEAS	IOD-DPS	PMWLI001
A006-RS	20.010	A006-R1-DPS-SAW	IOD-DPS	PGBSW003
A006-RS	20.011	A006-R1-DPS-SAW-MEAS	IOD-DPS	PMOMI001
A006-RS	20.012	A006-R1-DPS-SCRB	IOD-DPS	PKSCR002
A006-RS	20.013	A006-R1-DPS-UV-ERASE	IOD-DPS	PGUVE002
A006-RS	30.001	A006-RS-DPS-2D-SCAN	IOD-DPSOQC	PMHOI015,PMHOI019
A006-RS	30.002	A006-R1-DPS-2D-REV	IOD-DPSOQC	
A006-RS	30.003	A006-R1-DPS-REPORT	IOD-DPSOQC	
A006-RS	30.004	A006-RS-DPS-MERGE-MAP-CHECK	IOD-DPSOQC	
A006-RS	30.005	A006-RS-DPS-MAP-DISPOSAL	IOD-DPSOQC	
A006-RS	40.001	A006-R1-FTF-INPUT-TO-OUTPUT	IO-FTFST	
A006-RS	40.002	A006-R1-FTF-OPUT-MOUNT	IO-FTFST	PKFRL001
A006-RS	50.001	A006-R1-FTF-INPUT-BANK	IO-FTFFN	
A006-RS	60.001	A006-R1-FTF-OPUT-FTF	IO-FTF	PKFFS002
A006-RS	60.002	A006-R1-FTF-OPUT-SORTER	IO-FTF	
A006-RS	60.003	A006-RF-FTF-OPUT-IR-SCAN	IO-FTF	PMIOI002
A006-RS	60.004	A006-RF-FTF-OPUT-IR-REV	IO-FTF	
A006-RS	60.005	A006-R1-FTF-OPUT-UVERASE	IO-FTF	PGUVE002
A006-RS	60.006	A006-R1-FTF-OPUT-SCRB	IO-FTF	PKSCR002
A006-RS	70.001	A006-RF-FTF-OPUT-2D-SCAN	IO-FTFOQC	PMHOI015,PMHOI019
A006-RS	70.002	A006-R1-FTF-OPUT-2D-REV	IO-FTFOQC	
A006-RS	70.003	A006-R1-FTF-OPUT-REPORT	IO-FTFOQC	
A006-RS	70.004	A006-RF-FTF-MERGE-MAP-CHECK	IO-FTFOQC	
A006-RS	70.005	A006-RF-FTF-MAP-DISPOSAL	IO-FTFOQC	
A006-RS	70.006	A006-R1-FTF-OPUT-PACK	IO-FTFOQC	
A007-D1	10.001	A007-D1-DPS-SORT	IOD-DPSIQA	PSWST002
A007-D1	10.002	A007-D1-DPS-INCOMING-OM	IOD-DPSIQA	PMAOM004
A007-D1	10.003	A007-D1-DPS-INCOMING-OM-REV	IOD-DPSIQA	
A007-D1	20.001	A007-D1-DPS-MOUNT	IOD-DPS	PGBGL001,PGBGL002
A007-D1	20.002	A007-D1-DPS-BGMOUNT	IOD-DPS	PGGLI002
A007-D1	20.003	A007-D1-DPS-BG-MEAS	IOD-DPS	
A007-D1	20.004	A007-D1-DPS-BG-INSP	IOD-DPS	PMOMI001
A007-D1	20.005	A007-D1-DPS-BG-INSP-REV	IOD-DPS	
A007-D1	20.006	A007-D1-DPS-LG-FAR	IOD-DPS	PGLGV001
A007-D1	20.007	A007-D1-DPS-LG-CEN	IOD-DPS	PGLGV001
A007-D1	20.008	A007-D1-DPS-LG-MEAS-01	IOD-DPS	PMWLI002
A007-D1	20.009	A007-D1-DPS-LG-MEAS	IOD-DPS	PMWLI001
A007-D1	20.010	A007-D1-DPS-SAW	IOD-DPS	PGBSW003
A007-D1	20.011	A007-D1-DPS-SAW-MEAS	IOD-DPS	PMOMI001
A007-D1	20.012	A007-D1-DPS-UV-ERASE	IOD-DPS	PGUVE002
A007-D1	20.013	A007-D1-DPS-SCRB	IOD-DPS	PKSCR002
A007-D1	30.001	A007-D1-DPS-2D-SCAN	IOD-DPSOQC	PMHOI015,PMHOI019
A007-D1	30.002	A007-D1-DPS-DATA-REVIEW1	IOD-DPSOQC	
A007-D1	30.003	A007-D1-DPS-REPORT	IOD-DPSOQC	
A007-D1	30.004	A007-D1-DPS-MEAGE-MAP-CHECK	IOD-DPSOQC	
A007-D1	30.005	A007-D1-DPS-MAP-DISPOSAL	IOD-DPSOQC	
A007-D1	40.001	A007-D1-FTF-INPUT-TO-OUTPUT	IO-FTFST	
A007-D1	40.002	A007-D1-FTF-OPUT-MOUNT	IO-FTFST	PKFRL001
A007-D1	50.001	A007-D1-FTF-INPUT-BANK	IO-FTFFN	
A007-D1	60.001	A007-D1-FTF-OPUT-FTF	IO-FTF	PKFFS001
A007-D1	60.002	A007-D1-FTF-OPUT-SORTER	IO-FTF	
A007-D1	60.003	A007-DF-FTF-OPUT-IR-SCAN	IO-FTF	PMIOI002
A007-D1	60.004	A007-DF-FTF-OPUT-IR-REV	IO-FTF	
A007-D1	60.005	A007-D1-FTF-OPUT-UVERASE	IO-FTF	PGUVE002
A007-D1	60.006	A007-D1-FTF-OPUT-SCRB	IO-FTF	PKSCR002
A007-D1	70.001	A007-DF-FTF-OPUT-2D-SCAN	IO-FTFOQC	PMHOI015,PMHOI019
A007-D1	70.002	A007-D1-FTF-OPUT-2D-REV	IO-FTFOQC	
A007-D1	70.003	A007-D1-FTF-OPUT-REPORT	IO-FTFOQC	
A007-D1	70.004	A007-DF-FTF-MERGE-MAP-CHECK	IO-FTFOQC	
A007-D1	70.005	A007-DF-FTF-MAP-DISPOSAL	IO-FTFOQC	
A007-D1	70.006	A007-D1-FTF-OPUT-PACK	IO-FTFOQC	
A007-MS	10.001	A007-R1-DPS-WFS	IOD-DPSIQA	
A007-MS	10.002	A007-R1-DPS-T7CODE	IOD-DPSIQA	PSWST002
A007-MS	10.003	A007-RS-DPS-INCOMING-MAP	IOD-DPSIQA	
A007-MS	10.004	A007-R1-DPS-INCOMING-OM	IOD-DPSIQA	PMAOM004
A007-MS	10.005	A007-R1-DPS-INCOMING-OM-REV	IOD-DPSIQA	
A007-MS	20.001	A007-R1-DPS-MOUNT	IOD-DPS	PGBGL001,PGBGL002
A007-MS	20.002	A007-R1-DPS-BGMOUNT	IOD-DPS	PGGLI002
A007-MS	20.003	A007-R1-DPS-BG-MEAS	IOD-DPS	
A007-MS	20.004	A007-R1-DPS-BG-INSP	IOD-DPS	PMOMI001
A007-MS	20.005	A007-R1-DPS-BG-INSP-REV	IOD-DPS	
A007-MS	20.006	A007-R1-DPS-LG-FAR	IOD-DPS	PGLGV001
A007-MS	20.007	A007-R1-DPS-LG-CEN	IOD-DPS	PGLGV001
A007-MS	20.008	A007-R1-DPS-LG-MEAS-01	IOD-DPS	PMWLI002
A007-MS	20.009	A007-R1-DPS-LG-MEAS	IOD-DPS	PMWLI001
A007-MS	20.010	A007-R1-DPS-SAW	IOD-DPS	PGBSW003
A007-MS	20.011	A007-R1-DPS-SAW-MEAS	IOD-DPS	PMOMI001
A007-MS	20.012	A007-R1-DPS-SCRB	IOD-DPS	PKSCR002
A007-MS	20.013	A007-R1-DPS-UV-ERASE	IOD-DPS	PGUVE002
A007-MS	30.001	A007-RS-DPS-2D-SCAN	IOD-DPSOQC	PMHOI015,PMHOI019
A007-MS	30.002	A007-R1-DPS-2D-REV	IOD-DPSOQC	
A007-MS	30.003	A007-R1-DPS-REPORT	IOD-DPSOQC	
A007-MS	30.004	A007-RS-DPS-MERGE-MAP-CHECK	IOD-DPSOQC	
A007-MS	30.005	A007-RS-DPS-MAP-DISPOSAL	IOD-DPSOQC	
A007-MS	40.001	A007-R1-FTF-INPUT-TO-OUTPUT	IO-FTFST	
A007-MS	40.002	A007-R1-FTF-OPUT-MOUNT	IO-FTFST	PKFRL001
A007-MS	50.001	A007-R1-FTF-INPUT-BANK	IO-FTFFN	
A007-MS	60.001	A007-R1-FTF-OPUT-FTF	IO-FTF	PKFFS002
A007-MS	60.002	A007-R1-FTF-OPUT-SORTER	IO-FTF	
A007-MS	60.003	A007-RF-FTF-OPUT-IR-SCAN	IO-FTF	PMIOI002
A007-MS	60.004	A007-RF-FTF-OPUT-IR-REV	IO-FTF	
A007-MS	60.005	A007-R1-FTF-OPUT-UVERASE	IO-FTF	PGUVE002
A007-MS	60.006	A007-R1-FTF-OPUT-SCRB	IO-FTF	PKSCR002
A007-MS	70.001	A007-RF-FTF-OPUT-2D-SCAN	IO-FTFOQC	PMHOI015,PMHOI019
A007-MS	70.002	A007-R1-FTF-OPUT-2D-REV	IO-FTFOQC	
A007-MS	70.003	A007-R1-FTF-OPUT-REPORT	IO-FTFOQC	
A007-MS	70.004	A007-RF-FTF-MERGE-MAP-CHECK	IO-FTFOQC	
A007-MS	70.005	A007-RF-FTF-MAP-DISPOSAL	IO-FTFOQC	
A007-MS	70.006	A007-R1-FTF-OPUT-PACK	IO-FTFOQC	
A007-RS	10.001	A007-R1-DPS-WFS	IOD-DPSIQA	
A007-RS	10.002	A007-R1-DPS-T7CODE	IOD-DPSIQA	PSWST002
A007-RS	10.003	A007-RS-DPS-INCOMING-MAP	IOD-DPSIQA	
A007-RS	10.004	A007-R1-DPS-INCOMING-OM	IOD-DPSIQA	PMAOM004
A007-RS	10.005	A007-R1-DPS-INCOMING-OM-REV	IOD-DPSIQA	
A007-RS	20.001	A007-R1-DPS-MOUNT	IOD-DPS	PGBGL001,PGBGL002
A007-RS	20.002	A007-R1-DPS-BGMOUNT	IOD-DPS	PGGLI002
A007-RS	20.003	A007-R1-DPS-BG-MEAS	IOD-DPS	
A007-RS	20.004	A007-R1-DPS-BG-INSP	IOD-DPS	PMOMI001
A007-RS	20.005	A007-R1-DPS-BG-INSP-REV	IOD-DPS	
A007-RS	20.006	A007-R1-DPS-LG-FAR	IOD-DPS	PGLGV001
A007-RS	20.007	A007-R1-DPS-LG-CEN	IOD-DPS	PGLGV001
A007-RS	20.008	A007-R1-DPS-LG-MEAS-01	IOD-DPS	PMWLI002
A007-RS	20.009	A007-R1-DPS-LG-MEAS	IOD-DPS	PMWLI001
A007-RS	20.010	A007-R1-DPS-SAW	IOD-DPS	PGBSW003
A007-RS	20.011	A007-R1-DPS-SAW-MEAS	IOD-DPS	PMOMI001
A007-RS	20.012	A007-R1-DPS-SCRB	IOD-DPS	PKSCR002
A007-RS	20.013	A007-R1-DPS-UV-ERASE	IOD-DPS	PGUVE002
A007-RS	30.001	A007-RS-DPS-2D-SCAN	IOD-DPSOQC	PMHOI015,PMHOI019
A007-RS	30.002	A007-R1-DPS-2D-REV	IOD-DPSOQC	
A007-RS	30.003	A007-R1-DPS-REPORT	IOD-DPSOQC	
A007-RS	30.004	A007-RS-DPS-MERGE-MAP-CHECK	IOD-DPSOQC	
A007-RS	30.005	A007-RS-DPS-MAP-DISPOSAL	IOD-DPSOQC	
A007-RS	40.001	A007-R1-FTF-INPUT-TO-OUTPUT	IO-FTFST	
A007-RS	40.002	A007-R1-FTF-OPUT-MOUNT	IO-FTFST	PKFRL001
A007-RS	50.001	A007-R1-FTF-INPUT-BANK	IO-FTFFN	
A007-RS	60.001	A007-R1-FTF-OPUT-FTF	IO-FTF	PKFFS001
A007-RS	60.002	A007-R1-FTF-OPUT-SORTER	IO-FTF	
A007-RS	60.003	A007-RF-FTF-OPUT-IR-SCAN	IO-FTF	PMIOI002
A007-RS	60.004	A007-RF-FTF-OPUT-IR-REV	IO-FTF	
A007-RS	60.005	A007-R1-FTF-OPUT-UVERASE	IO-FTF	PGUVE002
A007-RS	60.006	A007-R1-FTF-OPUT-SCRB	IO-FTF	PKSCR002
A007-RS	70.001	A007-RF-FTF-OPUT-2D-SCAN	IO-FTFOQC	PMHOI015,PMHOI019
A007-RS	70.002	A007-R1-FTF-OPUT-2D-REV	IO-FTFOQC	
A007-RS	70.003	A007-R1-FTF-OPUT-REPORT	IO-FTFOQC	
A007-RS	70.004	A007-RF-FTF-MERGE-MAP-CHECK	IO-FTFOQC	
A007-RS	70.005	A007-RF-FTF-MAP-DISPOSAL	IO-FTFOQC	
A007-RS	70.006	A007-R1-FTF-OPUT-PACK	IO-FTFOQC	
A008-D1	10.001	A008-D1-DPS-SORT	TOP-DPS	PSWST002
A008-D1	10.002	A008-D1-DPS-INCOMING-OM	TOP-DPS	PMAOM005
A008-D1	10.003	A008-D1-DPS-INCOMING-OM-REV	TOP-DPS	
A008-D1	10.004	A008-D1-DPS-MOUNT	TOP-DPS	PKFRL003
A008-D1	10.005	A008-D1-DPS-MOUNT-INSP	TOP-DPS	
A008-D1	10.006	A008-D1-DPS-MOUNT-INSP-REV	TOP-DPS	
A008-D1	10.007	A008-D1-DPS-LG	TOP-DPS	PGLGV005
A008-D1	10.008	A008-D1-DPS-LG-MEAS-01	TOP-DPS	PMWLI002
A008-D1	10.009	A008-D1-DPS-LG-MEAS	TOP-DPS	PMWLI001
A008-D1	10.010	A008-D1-DPS-SAW	TOP-DPS	PGBSW002,PGBSW005
A008-D1	10.011	A008-D1-DPS-SAW-MEAS	TOP-DPS	PMOMI001
A008-D1	10.012	A008-D1-DPS-UV-ERASE	TOP-DPS	PGUVE002
A008-D1	10.013	A008-D1-DPS-SCRB	TOP-DPS	PKSCR002
A008-D1	20.001	A008-D1-DPS-2D-SCAN	TOP-DPSOQC	PMHOI015,PMHOI019
A008-D1	20.002	A008-D1-DPS-DATA-REVIEW1	TOP-DPSOQC	
A008-D1	20.003	A008-D1-DPS-REPORT	TOP-DPSOQC	
A008-D1	20.004	A008-D1-DPS-MERGE-MAP-CHECK	TOP-DPSOQC	
A008-D1	30.001	A008-D1-FTF-INPUT-TO-OUTPUT	TOP-FTFST	
A008-D1	30.002	A008-D1-FTF-MOUNT	TOP-FTFST	PKFRL001
A008-D1	40.001	A008-D1-FTF-INPUT-BANK	TOP-FTFFN	
A008-D1	50.001	A008-D1-FTF-FTF	TOP-FTF	PKFFS001
A008-D1	50.002	A008-D1-FTF-OPUT-FWSORTER	TOP-FTF	
A008-D1	50.003	A008-DA-FTF-OPUT-IR-SCAN	TOP-FTF	PMIOI002
A008-D1	50.004	A008-DA-FTF-OPUT-IR-REV	TOP-FTF	
A008-D1	50.005	A008-D1-FTF-OPUT-UVERASE	TOP-FTF	PGUVE002
A008-D1	50.006	A008-D1-FTF-OPUT-SCRB	TOP-FTF	PKSCR002
A008-D1	60.001	A008-D1-DPS-DISPOSAL-MAP	TOP-FTFOQC	
A008-D1	60.002	A008-DA-FTF-OPUT-2D-SCAN	TOP-FTFOQC	PMHOI015,PMHOI019
A008-D1	60.003	A008-D1-FTF-OPUT-2D-REV	TOP-FTFOQC	
A008-D1	60.004	A008-D1-FTF-OPUT-REPORT	TOP-FTFOQC	
A008-D1	60.005	A008-DA-FTF-MERGE-MAP-CHECK	TOP-FTFOQC	
A008-D1	60.006	A008-DA-FTF-MAP-DISPOSAL	TOP-FTFOQC	
A008-D1	60.007	A008-D1-FTF-PACK	TOP-FTFOQC	
A008-MS	10.001	A008-R1-DPS-WFS	TOP-DPSIQA	
A008-MS	10.002	A008-R1-DPS-T7CODE	TOP-DPSIQA	PSWST002
A008-MS	10.003	A008-RS-DPS-INCOMING-MAP	TOP-DPSIQA	
A008-MS	20.001	A008-R1-DPS-INCOMING-OM	TOP-DPS	PMAOM005
A008-MS	20.002	A008-R1-DPS-INCOMING-OM-REV	TOP-DPS	
A008-MS	20.003	A008-R1-DPS-MOUNT	TOP-DPS	PKFRL003
A008-MS	20.004	A008-R1-DPS-MOUNT-INSP	TOP-DPS	
A008-MS	20.005	A008-R1-DPS-MOUNT-INSP-REV	TOP-DPS	
A008-MS	20.006	A008-R1-DPS-LG	TOP-DPS	PGLGV005
A008-MS	20.007	A008-R1-DPS-LG-MEAS-01	TOP-DPS	PMWLI002
A008-MS	20.008	A008-R1-DPS-LG-MEAS	TOP-DPS	PMWLI001
A008-MS	20.009	A008-R1-DPS-LG-INSP1	TOP-DPS	PMOMI001
A008-MS	20.010	A008-R1-DPS-SAW	TOP-DPS	PGBSW002
A008-MS	20.011	A008-R1-DPS-SAW-MEAS	TOP-DPS	PMOMI001
A008-MS	20.012	A008-R1-DPS-SAW-INSP2	TOP-DPS	PMOMI001
A008-MS	20.013	A008-R1-DPS-SCRB	TOP-DPS	PKSCR002
A008-MS	20.014	A008-R1-DPS-UV-ERASE	TOP-DPS	PGUVE002
A008-MS	30.001	A008-RS-DPS-2D-SCAN	TOP-DPSOQC	PMHOI015
A008-MS	30.002	A008-R1-DPS-2D-REV	TOP-DPSOQC	
A008-MS	30.003	A008-R1-DPS-REPORT	TOP-DPSOQC	
A008-MS	30.004	A008-RS-DPS-MERGE-MAP-CHECK	TOP-DPSOQC	
A008-MS	30.005	A008-RS-DPS-MAP-DISPOSAL	TOP-DPSOQC	
A008-MS	40.001	A008-R1-FTF-INPUT-TO-OUTPUT	TOP-FTFST	
A008-MS	40.002	A008-R1-FTF-MOUNT	TOP-FTFST	PKFRL001
A008-MS	50.001	A008-R1-FTF-INPUT-BANK	TOP-FTFFN	
A008-MS	60.001	A008-RF-FTF-OPUT-FTF	TOP-FTF	PKFFS001
A008-MS	60.002	A008-R1-FTF-OPUT-FWSORTER	TOP-FTF	
A008-MS	60.003	A008-RF-FTF-OPUT-IR-SCAN	TOP-FTF	PMIOI002
A008-MS	60.004	A008-RF-FTF-OPUT-IR-REV	TOP-FTF	
A008-MS	60.005	A008-R1-FTF-OPUT-UVERASE	TOP-FTF	PGUVE002
A008-MS	60.006	A008-R1-FTF-OPUT-SCRB	TOP-FTF	PKSCR002
A008-MS	70.001	A008-RF-FTF-OPUT-2D-SCAN	TOP-FTFOQC	PMHOI015
A008-MS	70.002	A008-R1-FTF-OPUT-2D-REV	TOP-FTFOQC	
A008-MS	70.003	A008-R1-FTF-OPUT-REPORT	TOP-FTFOQC	
A008-MS	70.004	A008-RF-FTF-MERGE-MAP-CHECK	TOP-FTFOQC	
A008-MS	70.005	A008-RF-FTF-MAP-DISPOSAL	TOP-FTFOQC	
A008-MS	70.006	A008-R1-FTF-PACK	TOP-FTFOQC	
A008-RS	10.001	A008-R1-DPS-WFS	TOP-DPSIQA	
A008-RS	10.002	A008-R1-DPS-T7CODE	TOP-DPSIQA	PSWST002
A008-RS	10.003	A008-RS-DPS-INCOMING-MAP	TOP-DPSIQA	
A008-RS	20.001	A008-R1-DPS-INCOMING-OM	TOP-DPS	PMAOM005
A008-RS	20.002	A008-R1-DPS-INCOMING-OM-REV	TOP-DPS	
A008-RS	20.003	A008-R1-DPS-MOUNT	TOP-DPS	PKFRL003
A008-RS	20.004	A008-R1-DPS-MOUNT-INSP	TOP-DPS	
A008-RS	20.005	A008-R1-DPS-MOUNT-INSP-REV	TOP-DPS	
A008-RS	20.006	A008-R1-DPS-LG	TOP-DPS	PGLGV005
A008-RS	20.007	A008-R1-DPS-LG-MEAS-01	TOP-DPS	PMWLI002
A008-RS	20.008	A008-R1-DPS-LG-MEAS	TOP-DPS	PMWLI001
A008-RS	20.009	A008-R1-DPS-LG-INSP1	TOP-DPS	PMOMI001
A008-RS	20.010	A008-R1-DPS-SAW	TOP-DPS	PGBSW002
A008-RS	20.011	A008-R1-DPS-SAW-MEAS	TOP-DPS	PMOMI001
A008-RS	20.012	A008-R1-DPS-SAW-INSP2	TOP-DPS	PMOMI001
A008-RS	20.013	A008-R1-DPS-SCRB	TOP-DPS	PKSCR002
A008-RS	20.014	A008-R1-DPS-UV-ERASE	TOP-DPS	PGUVE002
A008-RS	30.001	A008-RS-DPS-2D-SCAN	TOP-DPSOQC	PMHOI015
A008-RS	30.002	A008-R1-DPS-2D-REV	TOP-DPSOQC	
A008-RS	30.003	A008-R1-DPS-REPORT	TOP-DPSOQC	
A008-RS	30.004	A008-RS-DPS-MERGE-MAP-CHECK	TOP-DPSOQC	
A008-RS	30.005	A008-RS-DPS-MAP-DISPOSAL	TOP-DPSOQC	
A008-RS	40.001	A008-R1-FTF-INPUT-TO-OUTPUT	TOP-FTFST	
A008-RS	40.002	A008-R1-FTF-MOUNT	TOP-FTFST	PKFRL001
A008-RS	50.001	A008-R1-FTF-INPUT-BANK	TOP-FTFFN	
A008-RS	60.001	A008-RF-FTF-OPUT-FTF	TOP-FTF	PKFFS001
A008-RS	60.002	A008-R1-FTF-OPUT-FWSORTER	TOP-FTF	
A008-RS	60.003	A008-RF-FTF-OPUT-IR-SCAN	TOP-FTF	PMIOI002
A008-RS	60.004	A008-RF-FTF-OPUT-IR-REV	TOP-FTF	
A008-RS	60.005	A008-R1-FTF-OPUT-UVERASE	TOP-FTF	PGUVE002
A008-RS	60.006	A008-R1-FTF-OPUT-SCRB	TOP-FTF	PKSCR002
A008-RS	70.001	A008-RF-FTF-OPUT-2D-SCAN	TOP-FTFOQC	PMHOI015
A008-RS	70.002	A008-R1-FTF-OPUT-2D-REV	TOP-FTFOQC	
A008-RS	70.003	A008-R1-FTF-OPUT-REPORT	TOP-FTFOQC	
A008-RS	70.004	A008-RF-FTF-MERGE-MAP-CHECK	TOP-FTFOQC	
A008-RS	70.005	A008-RF-FTF-MAP-DISPOSAL	TOP-FTFOQC	
A008-RS	70.006	A008-R1-FTF-PACK	TOP-FTFOQC	
A009-D1	10.001	A009-D1-DPS-SORT	TOP-DPS	PSWST002
A009-D1	10.002	A009-D1-DPS-INCOMING-OM	TOP-DPS	PMAOM005
A009-D1	10.003	A009-D1-DPS-INCOMING-OM-REV	TOP-DPS	
A009-D1	10.004	A009-D1-DPS-MOUNT	TOP-DPS	PKFRL003
A009-D1	10.005	A009-D1-DPS-MOUNT-INSP	TOP-DPS	
A009-D1	10.006	A009-D1-DPS-MOUNT-INSP-REV	TOP-DPS	
A009-D1	10.007	A009-D1-DPS-LG	TOP-DPS	PGLGV005
A009-D1	10.008	A009-D1-DPS-LG-MEAS-01	TOP-DPS	PMWLI002
A009-D1	10.009	A009-D1-DPS-LG-MEAS	TOP-DPS	PMWLI001
A009-D1	10.010	A009-D1-DPS-SAW	TOP-DPS	PGBSW002,PGBSW005
A009-D1	10.011	A009-D1-DPS-SAW-MEAS	TOP-DPS	PMOMI001
A009-D1	10.012	A009-D1-DPS-UV-ERASE	TOP-DPS	PGUVE002
A009-D1	10.013	A009-D1-DPS-SCRB	TOP-DPS	PKSCR002
A009-D1	20.001	A009-D1-DPS-2D-SCAN	TOP-DPSOQC	PMHOI015,PMHOI019
A009-D1	20.002	A009-D1-DPS-DATA-REVIEW1	TOP-DPSOQC	
A009-D1	20.003	A009-D1-DPS-REPORT	TOP-DPSOQC	
A009-D1	20.004	A009-D1-DPS-MERGE-MAP-CHECK	TOP-DPSOQC	
A009-D1	20.005	A009-D1-DPS-MAP-DISPOSAL	TOP-DPSOQC	
A009-D1	30.001	A009-D1-FTF-INPUT-TO-OUTPUT	TOP-FTFST	
A009-D1	30.002	A009-D1-FTF-MOUNT	TOP-FTFST	PKFRL001
A009-D1	40.001	A009-D1-FTF-INPUT-BANK	TOP-FTFFN	
A009-D1	50.001	A009-D1-FTF-FTF	TOP-FTF	PKFFS002
A009-D1	50.002	A009-D1-FTF-OPUT-FWSORTER	TOP-FTF	
A009-D1	50.003	A009-DA-FTF-OPUT-IR-SCAN	TOP-FTF	PMIOI002
A009-D1	50.004	A009-DA-FTF-OPUT-IR-REV	TOP-FTF	
A009-D1	50.005	A009-D1-FTF-OPUT-UVERASE	TOP-FTF	PGUVE002
A009-D1	50.006	A009-D1-FTF-OPUT-SCRB	TOP-FTF	PKSCR002
A009-D1	60.001	A009-DA-FTF-OPUT-2D-SCAN	TOP-FTFOQC	PMHOI015,PMHOI019
A009-D1	60.002	A009-D1-FTF-OPUT-2D-REV	TOP-FTFOQC	
A009-D1	60.003	A009-D1-FTF-OPUT-REPORT	TOP-FTFOQC	
A009-D1	60.004	A009-DA-FTF-MERGE-MAP-CHECK	TOP-FTFOQC	
A009-D1	60.005	A009-DA-FTF-MAP-DISPOSAL	TOP-FTFOQC	
A009-D1	60.006	A009-D1-FTF-PACK	TOP-FTFOQC	
A009-MS	10.001	A009-R1-DPS-WFS	TOP-DPSIQA	
A009-MS	10.002	A009-R1-DPS-T7CODE	TOP-DPSIQA	PSWST002
A009-MS	10.003	A009-RS-DPS-INCOMING-MAP	TOP-DPSIQA	
A009-MS	20.001	A009-R1-DPS-INCOMING-OM	TOP-DPS	PMAOM005
A009-MS	20.002	A009-R1-DPS-INCOMING-OM-REV	TOP-DPS	
A009-MS	20.003	A009-R1-DPS-MOUNT	TOP-DPS	PKFRL003
A009-MS	20.004	A009-R1-DPS-MOUNT-INSP	TOP-DPS	
A009-MS	20.005	A009-R1-DPS-MOUNT-INSP-REV	TOP-DPS	
A009-MS	20.006	A009-R1-DPS-LG	TOP-DPS	PGLGV005
A009-MS	20.007	A009-R1-DPS-LG-MEAS-01	TOP-DPS	PMWLI002
A009-MS	20.008	A009-R1-DPS-LG-MEAS	TOP-DPS	PMWLI001
A009-MS	20.009	A009-R1-DPS-LG-INSP1	TOP-DPS	PMOMI001
A009-MS	20.010	A009-R1-DPS-SAW	TOP-DPS	PGBSW002
A009-MS	20.011	A009-R1-DPS-SAW-MEAS	TOP-DPS	PMOMI001
A009-MS	20.012	A009-R1-DPS-SAW-INSP2	TOP-DPS	PMOMI001
A009-MS	20.013	A009-R1-DPS-SCRB	TOP-DPS	PKSCR002
A009-MS	20.014	A009-R1-DPS-UV-ERASE	TOP-DPS	PGUVE002
A009-MS	30.001	A009-RS-DPS-2D-SCAN	TOP-DPSOQC	PMHOI015
A009-MS	30.002	A009-R1-DPS-2D-REV	TOP-DPSOQC	
A009-MS	30.003	A009-R1-DPS-REPORT	TOP-DPSOQC	
A009-MS	30.004	A009-RS-DPS-MERGE-MAP-CHECK	TOP-DPSOQC	
A009-MS	30.005	A009-RS-DPS-MAP-DISPOSAL	TOP-DPSOQC	
A009-MS	40.001	A009-R1-FTF-INPUT-TO-OUTPUT	TOP-FTFST	
A009-MS	40.002	A009-R1-FTF-OPUT-MOUNT	TOP-FTFST	PKFRL001
A009-MS	50.001	A009-R1-FTF-INPUT-BANK	TOP-FTFFN	
A009-MS	60.001	A009-RF-FTF-OPUT-FTF	TOP-FTF	PKFFS002
A009-MS	60.002	A009-R1-FTF-OPUT-FWSORTER	TOP-FTF	
A009-MS	60.003	A009-RF-FTF-OPUT-IR-SCAN	TOP-FTF	PMIOI002
A009-MS	60.004	A009-RF-FTF-OPUT-IR-REV	TOP-FTF	
A009-MS	60.005	A009-R1-FTF-OPUT-UVERASE	TOP-FTF	PGUVE002
A009-MS	60.006	A009-R1-FTF-OPUT-SCRB	TOP-FTF	PKSCR002
A009-MS	70.001	A009-RF-FTF-OPUT-2D-SCAN	TOP-FTFOQC	PMHOI015
A009-MS	70.002	A009-R1-FTF-OPUT-2D-REV	TOP-FTFOQC	
A009-MS	70.003	A009-R1-FTF-OPUT-REPORT	TOP-FTFOQC	
A009-MS	70.004	A009-RF-FTF-MERGE-MAP-CHECK	TOP-FTFOQC	
A009-MS	70.005	A009-RF-FTF-MAP-DISPOSAL	TOP-FTFOQC	
A009-MS	70.006	A009-R1-FTF-PACK	TOP-FTFOQC	
A009-RS	10.001	A009-R1-DPS-WFS	TOP-DPSIQA	
A009-RS	10.002	A009-R1-DPS-T7CODE	TOP-DPSIQA	PSWST002
A009-RS	10.003	A009-RS-DPS-INCOMING-MAP	TOP-DPSIQA	
A009-RS	20.001	A009-R1-DPS-INCOMING-OM	TOP-DPS	PMAOM005
A009-RS	20.002	A009-R1-DPS-INCOMING-OM-REV	TOP-DPS	
A009-RS	20.003	A009-R1-DPS-MOUNT	TOP-DPS	PKFRL003
A009-RS	20.004	A009-R1-DPS-MOUNT-INSP	TOP-DPS	
A009-RS	20.005	A009-R1-DPS-MOUNT-INSP-REV	TOP-DPS	
A009-RS	20.006	A009-R1-DPS-LG	TOP-DPS	PGLGV005
A009-RS	20.007	A009-R1-DPS-LG-MEAS-01	TOP-DPS	PMWLI002
A009-RS	20.008	A009-R1-DPS-LG-MEAS	TOP-DPS	PMWLI001
A009-RS	20.009	A009-R1-DPS-LG-INSP1	TOP-DPS	PMOMI001
A009-RS	20.010	A009-R1-DPS-SAW	TOP-DPS	PGBSW002
A009-RS	20.011	A009-R1-DPS-SAW-MEAS	TOP-DPS	PMOMI001
A009-RS	20.012	A009-R1-DPS-SAW-INSP2	TOP-DPS	PMOMI001
A009-RS	20.013	A009-R1-DPS-SCRB	TOP-DPS	PKSCR002
A009-RS	20.014	A009-R1-DPS-UV-ERASE	TOP-DPS	PGUVE002
A009-RS	30.001	A009-RS-DPS-2D-SCAN	TOP-DPSOQC	PMHOI015
A009-RS	30.002	A009-R1-DPS-2D-REV	TOP-DPSOQC	
A009-RS	30.003	A009-R1-DPS-REPORT	TOP-DPSOQC	
A009-RS	30.004	A009-RS-DPS-MERGE-MAP-CHECK	TOP-DPSOQC	
A009-RS	30.005	A009-RS-DPS-MAP-DISPOSAL	TOP-DPSOQC	
A009-RS	40.001	A009-R1-FTF-INPUT-TO-OUTPUT	TOP-FTFST	
A009-RS	40.002	A009-R1-FTF-OPUT-MOUNT	TOP-FTFST	PKFRL001
A009-RS	50.001	A009-R1-FTF-INPUT-BANK	TOP-FTFFN	
A009-RS	60.001	A009-RF-FTF-OPUT-FTF	TOP-FTF	PKFFS002
A009-RS	60.002	A009-R1-FTF-OPUT-FWSORTER	TOP-FTF	
A009-RS	60.003	A009-RF-FTF-OPUT-IR-SCAN	TOP-FTF	PMIOI002
A009-RS	60.004	A009-RF-FTF-OPUT-IR-REV	TOP-FTF	
A009-RS	60.005	A009-R1-FTF-OPUT-UVERASE	TOP-FTF	PGUVE002
A009-RS	60.006	A009-R1-FTF-OPUT-SCRB	TOP-FTF	PKSCR002
A009-RS	70.001	A009-RF-FTF-OPUT-2D-SCAN	TOP-FTFOQC	PMHOI015
A009-RS	70.002	A009-R1-FTF-OPUT-2D-REV	TOP-FTFOQC	
A009-RS	70.003	A009-R1-FTF-OPUT-REPORT	TOP-FTFOQC	
A009-RS	70.004	A009-RF-FTF-MERGE-MAP-CHECK	TOP-FTFOQC	
A009-RS	70.005	A009-RF-FTF-MAP-DISPOSAL	TOP-FTFOQC	
A009-RS	70.006	A009-R1-FTF-PACK	TOP-FTFOQC	
